"id","created_at","updated_at","supplier","barcode","product_range","display_name","order_name","supplier_sequence","discontinued","product_usage","current_max_stock","current_stock_available","current_cost_price","current_retail_price"
"1","2018-10-14 12:38:31","2018-10-14 12:38:31","Unknown","9338841008413","Unknown","BaBylissPRO Ceramic Curling Iron 16mm","","","0","",\N,\N,\N,"55.00"
"2","2018-10-14 12:38:31","2018-10-15 10:37:17","Unknown","9325024014682","Unknown","Brushworx Ceramic Brush BB-2","","","0","",\N,"2",\N,"28.95"
"3","2018-10-14 12:38:31","2018-10-15 10:37:17","Unknown","672555118792","Unknown","Cricket Thermal Static Free Brush 38","","","0","",\N,"1",\N,"25.95"
"4","2018-10-14 12:38:31","2018-10-15 10:37:17","Unknown","672555118815","Unknown","Cricket Thermal Static Free Brush 53","","","0","",\N,"1",\N,"29.95"
"5","2018-10-14 12:38:31","2018-10-15 10:37:17","L'Oreal","3474630441897","Dia Light","Dia Light 10,12","","04.02.38","0","Professional","2","2",\N,"0.00"
"6","2018-10-14 12:38:31","2018-10-15 10:37:17","L'Oreal","3474630441965","Dia Light","Dia Light 10,13","","04.02.39","0","Professional","1","1",\N,"0.00"
"7","2018-10-14 12:38:31","2018-10-15 10:37:17","L'Oreal","3474630537378","Dia Light","Dia Light 10,21","","04.02.40","0","Professional","1","1",\N,"0.00"
"8","2018-10-14 12:38:31","2018-10-15 10:37:17","L'Oreal","3474630687455","Dia Light","Dia Light 10,22","","04.02.41","0","Professional","1","0",\N,"0.00"
"9","2018-10-14 12:38:31","2018-10-15 10:37:17","L'Oreal","3474630480872","Dia Light","Dia Light 10,32","","04.02.42","0","Professional","1","0",\N,"0.00"
"10","2018-10-14 12:38:31","2018-10-15 10:37:17","L'Oreal","3474630399891","Dia Light","Dia Light 4","","04.02.02","0","Professional","0","1",\N,"0.00"
"11","2018-10-14 12:38:31","2018-10-15 10:37:17","L'Oreal","3474630401808","Dia Light","Dia Light 4,65","","04.02.03","0","Professional","1","0",\N,"0.00"
"12","2018-10-14 12:38:31","2018-10-15 10:37:17","L'Oreal","3474630442061","Dia Light","Dia Light 5","","04.02.04","0","Professional","1","3",\N,"0.00"
"13","2018-10-14 12:38:31","2018-10-15 10:37:17","L'Oreal","3474630570948","Dia Light","Dia Light 5,12","","04.02.05","0","Professional","1","1",\N,"0.00"
"14","2018-10-14 12:38:31","2018-10-15 10:37:17","L'Oreal","","Dia Light","Dia Light 5,4","","04.02.06","0","Professional","1","0",\N,"0.00"
"15","2018-10-14 12:38:31","2018-10-15 10:37:17","L'Oreal","3474630401907","Dia Light","Dia Light 5,66","","04.02.07","0","Professional","1","2",\N,"0.00"
"16","2018-10-14 12:38:31","2018-10-15 10:37:17","L'Oreal","3474630687752","Dia Light","Dia Light 5,8","","04.02.08","0","Professional","1","1",\N,"0.00"
"17","2018-10-14 12:38:31","2018-10-15 10:37:17","L'Oreal","3474630399990","Dia Light","Dia Light 6","","04.02.09","0","Professional","1","2",\N,"0.00"
"18","2018-10-14 12:38:31","2018-10-15 10:37:17","L'Oreal","3474630571044","Dia Light","Dia Light 6,1","","04.02.10","0","Professional","1","1",\N,"0.00"
"19","2018-10-14 12:38:31","2018-10-15 10:37:17","L'Oreal","3474636588275","Dia Light","Dia Light 6,11","","04.02.11","0","Professional","1","1",\N,"0.00"
"20","2018-10-14 12:38:31","2018-10-15 10:37:17","L'Oreal","3474630400900","Dia Light","Dia Light 6,3","","04.02.12","0","Professional","1","1",\N,"0.00"
"21","2018-10-14 12:38:31","2018-10-15 10:37:17","L'Oreal","","Dia Light","Dia Light 6,34","","04.02.13","0","Professional","1","0",\N,"0.00"
"22","2018-10-14 12:38:31","2018-10-15 10:37:17","L'Oreal","3474630442160","Dia Light","Dia Light 7","","04.02.14","0","Professional","1","1",\N,"0.00"
"23","2018-10-14 12:38:31","2018-10-15 10:37:17","L'Oreal","3474636588329","Dia Light","Dia Light 7,11","","04.02.15","0","Professional","1","1",\N,"0.00"
"24","2018-10-14 12:38:31","2018-10-15 10:37:17","L'Oreal","3474630537170","Dia Light","Dia Light 7,12","","04.02.16","0","Professional","1","1",\N,"0.00"
"25","2018-10-14 12:38:31","2018-10-15 10:37:17","L'Oreal","3474636588374","Dia Light","Dia Light 7,18","","04.02.17","0","Professional","1","1",\N,"0.00"
"26","2018-10-14 12:38:31","2018-10-15 10:37:17","L'Oreal","3474630537071","Dia Light","Dia Light 7,23","","04.02.18","0","Professional","1","1",\N,"0.00"
"27","2018-10-14 12:38:31","2018-10-15 10:37:17","L'Oreal","3474630401006","Dia Light","Dia Light 7,31","","04.02.19","0","Professional","1","2",\N,"0.00"
"28","2018-10-14 12:38:31","2018-10-15 10:37:17","L'Oreal","","Dia Light","Dia Light 7,35","","04.02.20","0","Professional","1","0",\N,"0.00"
"29","2018-10-14 12:38:31","2018-10-15 10:37:17","L'Oreal","3474630536975","Dia Light","Dia Light 7,4","","04.02.21","0","Professional","1","1",\N,"0.00"
"30","2018-10-14 12:38:31","2018-10-15 10:37:17","L'Oreal","3474630401709","Dia Light","Dia Light 7,43","","04.02.22","0","Professional","1","1",\N,"0.00"
"31","2018-10-14 12:38:31","2018-10-15 10:37:17","L'Oreal","3474630687950","Dia Light","Dia Light 7,8","","04.02.23","0","Professional","1","1",\N,"0.00"
"32","2018-10-14 12:38:31","2018-10-15 10:37:17","L'Oreal","3474630400092","Dia Light","Dia Light 8","","04.02.24","0","Professional","1","1",\N,"0.00"
"33","2018-10-14 12:38:31","2018-10-15 10:37:17","L'Oreal","3474630571143","Dia Light","Dia Light 8,1","","04.02.25","0","Professional","1","1",\N,"0.00"
"34","2018-10-14 12:38:31","2018-10-15 10:37:17","L'Oreal","3474630570740","Dia Light","Dia Light 8,23","","04.02.26","0","Professional","1","1",\N,"0.00"
"35","2018-10-14 12:38:31","2018-10-15 10:37:17","L'Oreal","3474630400290","Dia Light","Dia Light 8,3","","04.02.27","0","Professional","1","1",\N,"0.00"
"36","2018-10-14 12:38:31","2018-10-15 10:37:17","L'Oreal","3474630400702","Dia Light","Dia Light 8,34","","04.02.28","0","Professional","1","1",\N,"0.00"
"37","2018-10-14 12:38:31","2018-10-15 10:37:17","L'Oreal","3474630400504","Dia Light","Dia Light 9,01","","04.02.29","0","Professional","1","1",\N,"0.00"
"38","2018-10-14 12:38:31","2018-10-15 10:37:17","L'Oreal","3474630400436","Dia Light","Dia Light 9,02","","04.02.30","0","Professional","2","2",\N,"0.00"
"39","2018-10-14 12:38:31","2018-10-15 10:37:17","L'Oreal","3474630400603","Dia Light","Dia Light 9,03","","04.02.31","0","Professional","1","1",\N,"0.00"
"40","2018-10-14 12:38:31","2018-10-15 10:37:17","L'Oreal","3474630480773","Dia Light","Dia Light 9,11","","04.02.32","0","Professional","1","0",\N,"0.00"
"41","2018-10-14 12:38:31","2018-10-15 10:37:17","L'Oreal","3474630537279","Dia Light","Dia Light 9,12","","04.02.33","0","Professional","2","1",\N,"0.00"
"42","2018-10-14 12:38:31","2018-10-15 10:37:17","L'Oreal","3474630400832","Dia Light","Dia Light 9,13","","04.02.34","0","Professional","1","0",\N,"0.00"
"43","2018-10-14 12:38:31","2018-10-15 10:37:17","L'Oreal","3474636588220","Dia Light","Dia Light 9,21","","04.02.35","0","Professional","1","0",\N,"0.00"
"44","2018-10-14 12:38:31","2018-10-15 10:37:17","L'Oreal","3474630409637","Dia Light","Dia Light 9,3","","04.02.36","0","Professional","1","1",\N,"0.00"
"45","2018-10-14 12:38:31","2018-10-15 10:37:17","L'Oreal","3474636417551","Dia Light","Dia Light 9,31","","04.02.37","0","Professional","1","1",\N,"0.00"
"46","2018-10-14 12:38:31","2018-10-15 10:37:17","L'Oreal","3474630400191","Dia Light","Dia Light Clear","","04.02.01","0","Professional","2","1",\N,"0.00"
"47","2018-10-14 12:38:31","2018-10-15 10:37:17","L'Oreal","3474636602193","Dia Richesse","Dia Richesse ,20",".20 Shimmer Purple","04.01.02","0","Professional","1","1",\N,"0.00"
"48","2018-10-14 12:38:31","2018-10-15 10:37:17","L'Oreal","3474636608713","Dia Richesse","Dia Richesse ,24",".24 Rose Gold","04.01.04","0","Professional","1","1",\N,"0.00"
"49","2018-10-14 12:38:31","2018-10-15 10:37:17","L'Oreal","3474636602148","Dia Richesse","Dia Richesse ,26",".26 Shimmer Pink","04.01.01","0","Professional","2","2",\N,"0.00"
"50","2018-10-14 12:38:31","2018-10-15 10:37:17","L'Oreal","3474630397552","Dia Richesse","Dia Richesse 1","","04.01.06","0","Professional","1","4",\N,"0.00"
"51","2018-10-14 12:38:31","2018-10-15 10:37:17","L'Oreal","3474630549456","Dia Richesse","Dia Richesse 10,12","","04.01.54","0","Professional","1","1",\N,"0.00"
"52","2018-10-14 12:38:31","2018-10-15 10:37:17","L'Oreal","3474630397699","Dia Richesse","Dia Richesse 3","","04.01.07","0","Professional","1","1",\N,"0.00"
"53","2018-10-14 12:38:31","2018-10-15 10:37:17","L'Oreal","3474630397798","Dia Richesse","Dia Richesse 4","","04.01.08","0","Professional","1","1",\N,"0.00"
"54","2018-10-14 12:38:31","2018-10-15 10:37:17","L'Oreal","3474630399099","Dia Richesse","Dia Richesse 4,15","","04.01.09","0","Professional","1","1",\N,"0.00"
"55","2018-10-14 12:38:31","2018-10-15 10:37:17","L'Oreal","3474630399594","Dia Richesse","Dia Richesse 4,20","","04.01.10","0","Professional","1","1",\N,"0.00"
"56","2018-10-14 12:38:31","2018-10-15 10:37:17","L'Oreal","3474630399693","Dia Richesse","Dia Richesse 4,62","","04.01.11","0","Professional","2","3",\N,"0.00"
"57","2018-10-14 12:38:31","2018-10-15 10:37:17","L'Oreal","3474630570146","Dia Richesse","Dia Richesse 4,8","","04.01.12","0","Professional","1","1",\N,"0.00"
"58","2018-10-14 12:38:31","2018-10-15 10:37:17","L'Oreal","3474630397897","Dia Richesse","Dia Richesse 5","","04.01.13","0","Professional","3","3",\N,"0.00"
"59","2018-10-14 12:38:31","2018-10-15 10:37:17","L'Oreal","3474630478732","Dia Richesse","Dia Richesse 5,01","","04.01.14","0","Professional","1","1",\N,"0.00"
"60","2018-10-14 12:38:31","2018-10-15 10:37:17","L'Oreal","3474630456723","Dia Richesse","Dia Richesse 5,12","","04.01.15","0","Professional","1","0",\N,"0.00"
"61","2018-10-14 12:38:31","2018-10-15 10:37:17","L'Oreal","3474634004180","Dia Richesse","Dia Richesse 5,13","","04.01.16","0","Professional","1","3",\N,"0.00"
"62","2018-10-14 12:38:31","2018-10-15 10:37:17","L'Oreal","3474630399396","Dia Richesse","Dia Richesse 5,15","","04.01.17","0","Professional","1","1",\N,"0.00"
"63","2018-10-14 12:38:31","2018-10-15 10:37:17","L'Oreal","3474630399297","Dia Richesse","Dia Richesse 5,25","","04.01.18","0","Professional","1","1",\N,"0.00"
"64","2018-10-14 12:38:31","2018-10-15 10:37:17","L'Oreal","3474630479074","Dia Richesse","Dia Richesse 5,3","","04.01.19","0","Professional","1","1",\N,"0.00"
"65","2018-10-14 12:38:31","2018-10-15 10:37:17","L'Oreal","3474630398696","Dia Richesse","Dia Richesse 5,32","","04.01.20","0","Professional","1","2",\N,"0.00"
"66","2018-10-14 12:38:31","2018-10-15 10:37:17","L'Oreal","3474630442863","Dia Richesse","Dia Richesse 5,35","","04.01.21","0","Professional","1","1",\N,"0.00"
"67","2018-10-14 12:38:31","2018-10-15 10:37:17","L'Oreal","3474630456822","Dia Richesse","Dia Richesse 5,52","","04.01.22","0","Professional","1","1",\N,"0.00"
"68","2018-10-14 12:38:31","2018-10-15 10:37:17","L'Oreal","3474630480278","Dia Richesse","Dia Richesse 5,60","","04.01.23","0","Professional","1","1",\N,"0.00"
"69","2018-10-14 12:38:31","2018-10-15 10:37:17","L'Oreal","3474630570245","Dia Richesse","Dia Richesse 5,8","","04.01.24","0","Professional","1","4",\N,"0.00"
"70","2018-10-14 12:38:31","2018-10-15 10:37:17","L'Oreal","3474630397996","Dia Richesse","Dia Richesse 6","","04.01.25","0","Professional","6","3",\N,"0.00"
"71","2018-10-14 12:38:31","2018-10-15 10:37:17","L'Oreal","3474630443464","Dia Richesse","Dia Richesse 6,01","","04.01.26","0","Professional","1","1",\N,"0.00"
"72","2018-10-14 12:38:31","2018-10-15 10:37:17","L'Oreal","3474630457027","Dia Richesse","Dia Richesse 6,12","","04.01.27","0","Professional","2","0",\N,"0.00"
"73","2018-10-14 12:38:31","2018-10-15 10:37:17","L'Oreal","3474630399495","Dia Richesse","Dia Richesse 6,13","","04.01.28","0","Professional","1","1",\N,"0.00"
"74","2018-10-14 12:38:32","2018-10-15 10:37:17","L'Oreal","3474630443068","Dia Richesse","Dia Richesse 6,23","","04.01.29","0","Professional","2","0",\N,"0.00"
"75","2018-10-14 12:38:32","2018-10-15 10:37:17","L'Oreal","3474630478978","Dia Richesse","Dia Richesse 6,3","","04.01.30","0","Professional","1","1",\N,"0.00"
"76","2018-10-14 12:38:32","2018-10-15 10:37:17","L'Oreal","3474630398894","Dia Richesse","Dia Richesse 6,34","","04.01.31","0","Professional","1","1",\N,"0.00"
"77","2018-10-14 12:38:32","2018-10-15 10:37:17","L'Oreal","3474630398795","Dia Richesse","Dia Richesse 6,35","","04.01.32","0","Professional","1","1",\N,"0.00"
"78","2018-10-14 12:38:32","2018-10-15 10:37:17","L'Oreal","3474630480377","Dia Richesse","Dia Richesse 6,45","","04.01.33","0","Professional","1","1",\N,"0.00"
"79","2018-10-14 12:38:32","2018-10-15 10:37:17","L'Oreal","3474630480476","Dia Richesse","Dia Richesse 6,64","","04.01.34","0","Professional","1","1",\N,"0.00"
"80","2018-10-14 12:38:32","2018-10-15 10:37:17","L'Oreal","3474630570344","Dia Richesse","Dia Richesse 6,8","","04.01.35","0","Professional","1","4",\N,"0.00"
"81","2018-10-14 12:38:32","2018-10-15 10:37:17","L'Oreal","3474630398122","Dia Richesse","Dia Richesse 7","","04.01.36","0","Professional","6","5",\N,"0.00"
"82","2018-10-14 12:38:32","2018-10-15 10:37:17","L'Oreal","3474630457225","Dia Richesse","Dia Richesse 7,01","","04.01.37","0","Professional","1","1",\N,"0.00"
"83","2018-10-14 12:38:32","2018-10-15 10:37:17","L'Oreal","3474630457355","Dia Richesse","Dia Richesse 7,13","","04.01.38","0","Professional","1","1",\N,"0.00"
"84","2018-10-14 12:38:32","2018-10-15 10:37:17","L'Oreal","3474630442368","Dia Richesse","Dia Richesse 7,23","","04.01.39","0","Professional","3","3",\N,"0.00"
"85","2018-10-14 12:38:32","2018-10-15 10:37:17","L'Oreal","3474630398399","Dia Richesse","Dia Richesse 7,30","","04.01.40","0","Professional","2","2",\N,"0.00"
"86","2018-10-14 12:38:32","2018-10-15 10:37:17","L'Oreal","3474630398993","Dia Richesse","Dia Richesse 7,31","","04.01.41","0","Professional","1","0",\N,"0.00"
"87","2018-10-14 12:38:32","2018-10-15 10:37:17","L'Oreal","3474630442467","Dia Richesse","Dia Richesse 7,32","","04.01.42","0","Professional","1","2",\N,"0.00"
"88","2018-10-14 12:38:32","2018-10-15 10:37:17","L'Oreal","3474630570443","Dia Richesse","Dia Richesse 7,8","","04.01.43","0","Professional","1","1",\N,"0.00"
"89","2018-10-14 12:38:32","2018-10-15 10:37:17","L'Oreal","3474630398191","Dia Richesse","Dia Richesse 8","","04.01.44","0","Professional","4","4",\N,"0.00"
"90","2018-10-14 12:38:32","2018-10-15 10:37:17","L'Oreal","3474630457522","Dia Richesse","Dia Richesse 8,02","","04.01.45","0","Professional","2","1",\N,"0.00"
"91","2018-10-14 12:38:32","2018-10-15 10:37:17","L'Oreal","3474630479579","Dia Richesse","Dia Richesse 8,13","","04.01.46","0","Professional","1","1",\N,"0.00"
"92","2018-10-14 12:38:32","2018-10-15 10:37:17","L'Oreal","3474630479173","Dia Richesse","Dia Richesse 8,3","","04.01.47","0","Professional","1","1",\N,"0.00"
"93","2018-10-14 12:38:32","2018-10-15 10:37:17","L'Oreal","3474630398498","Dia Richesse","Dia Richesse 8,31","","04.01.48","0","Professional","1","1",\N,"0.00"
"94","2018-10-14 12:38:32","2018-10-15 10:37:17","L'Oreal","3474630478633","Dia Richesse","Dia Richesse 9","","04.01.49","0","Professional","2","2",\N,"0.00"
"95","2018-10-14 12:38:32","2018-10-15 10:37:17","L'Oreal","3474630549241","Dia Richesse","Dia Richesse 9,01","","04.01.50","0","Professional","1","2",\N,"0.00"
"96","2018-10-14 12:38:32","2018-10-15 10:37:17","L'Oreal","3474630549357","Dia Richesse","Dia Richesse 9,02","","04.01.51","0","Professional","1","1",\N,"0.00"
"97","2018-10-14 12:38:32","2018-10-15 10:37:17","L'Oreal","3474630479470","Dia Richesse","Dia Richesse 9,13","","04.01.52","0","Professional","1","1",\N,"0.00"
"98","2018-10-14 12:38:32","2018-10-15 10:37:17","L'Oreal","3474630442665","Dia Richesse","Dia Richesse 9,31","","04.01.53","0","Professional","1","2",\N,"0.00"
"99","2018-10-14 12:38:32","2018-10-15 10:37:17","L'Oreal","3474630398290","Dia Richesse","Dia Richesse Clear","","04.01.05","0","Professional","2","2",\N,"0.00"
"100","2018-10-14 12:38:32","2018-10-15 10:37:17","L'Oreal","3474636608669","Dia Richesse","Dia Richesse S11","","04.01.03","0","Professional","1","1",\N,"0.00"
"101","2018-10-14 12:38:32","2018-10-15 10:37:17","Unknown","9345892000228","Unknown","EVY QuadTech Brush 33mm","","","0","",\N,"0",\N,"44.95"
"102","2018-10-14 12:38:32","2018-10-15 10:37:17","Unknown","9345892000204","Unknown","EVY QuadTech Brush 43mm","","","0","",\N,"0",\N,"44.95"
"103","2018-10-14 12:38:32","2018-10-15 10:37:17","Unknown","9345892000198","Unknown","EVY QuadTech Brush 53mm","","","0","",\N,"0",\N,"44.95"
"104","2018-10-14 12:38:32","2018-10-15 10:37:17","Unknown","9345892000266","Unknown","EVY Schima Mixed Bristle Round Brush 25mm","","","0","",\N,"1",\N,"49.95"
"105","2018-10-14 12:38:32","2018-10-15 10:37:17","Unknown","9345892000273","Unknown","EVY Schima Mixed Bristle Round Brush 30mm","","","0","",\N,"2",\N,"49.95"
"106","2018-10-14 12:38:32","2018-10-15 10:37:17","Unknown","9345892000280","Unknown","EVY Schima Mixed Bristle Round Brush 40mm","","","0","",\N,"0",\N,"49.95"
"107","2018-10-14 12:38:32","2018-10-15 10:37:17","Unknown","5060356733156","Unknown","GHD Platinum Styler","","","0","",\N,"1",\N,"315.00"
"108","2018-10-14 12:38:32","2018-10-15 10:37:17","Unknown","5060034527442","Unknown","GHD Style Final Shine Spray 100ml","","","0","",\N,"2",\N,"20.00"
"109","2018-10-14 12:38:32","2018-10-15 10:37:17","Unknown","5060034520092","Unknown","GHD V Gold Styler Gift Set","","","0","",\N,"2",\N,"269.00"
"110","2018-10-14 12:38:32","2018-10-15 10:37:17","L'Oreal","3474630412118","Inoa","Inoa 1","","02.01.04","0","Professional","1","1",\N,"0.00"
"111","2018-10-14 12:38:32","2018-10-15 10:37:17","L'Oreal","3474630412217","Inoa","Inoa 10","","02.01.79","0","Professional","1","1",\N,"0.00"
"112","2018-10-14 12:38:32","2018-10-15 10:37:17","L'Oreal","3474630484016","Inoa","Inoa 10,01","","02.01.80","0","Professional","1","2",\N,"0.00"
"113","2018-10-14 12:38:32","2018-10-15 10:37:17","L'Oreal","3474636383078","Inoa","Inoa 10,23 Blond Resist","Inoa 10,23 Blond Resist","02.01.81","0","Professional","1","1",\N,"0.00"
"114","2018-10-14 12:38:32","2018-10-15 10:37:17","L'Oreal","3474630412644","Inoa","Inoa 3","","02.01.05","0","Professional","2","2",\N,"0.00"
"115","2018-10-14 12:38:32","2018-10-15 10:37:17","L'Oreal","3474630412743","Inoa","Inoa 4","","02.01.06","0","Professional","2","1",\N,"0.00"
"116","2018-10-14 12:38:32","2018-10-15 10:37:17","L'Oreal","3474630462366","Inoa","Inoa 4,0","","02.01.07","0","Professional","1","1",\N,"0.00"
"117","2018-10-14 12:38:32","2018-10-15 10:37:17","L'Oreal","3474630568020","Inoa","Inoa 4,07","","","1","Professional","0","1",\N,"0.00"
"118","2018-10-14 12:38:32","2018-10-15 10:37:17","L'Oreal","3474630412842","Inoa","Inoa 4,15","","02.01.08","0","Professional","1","1",\N,"0.00"
"119","2018-10-14 12:38:32","2018-10-15 10:37:17","L'Oreal","3474630412941","Inoa","Inoa 4,20","","02.01.09","0","Professional","1","1",\N,"0.00"
"120","2018-10-14 12:38:32","2018-10-15 10:37:17","L'Oreal","3474630413146","Inoa","Inoa 4,3","","02.01.10","0","Professional","1","2",\N,"0.00"
"121","2018-10-14 12:38:32","2018-10-15 10:37:17","L'Oreal","3474630413344","Inoa","Inoa 4,45","","02.01.11","0","Professional","1","1",\N,"0.00"
"122","2018-10-14 12:38:32","2018-10-15 10:37:17","L'Oreal","3474636403844","Inoa","Inoa 4,56","Inoa 4,56 Marron Resist","02.01.12","0","Professional","1","1",\N,"0.00"
"123","2018-10-14 12:38:32","2018-10-15 10:37:17","L'Oreal","3474630696167","Inoa","Inoa 4,8","","02.01.13","0","Professional","1","1",\N,"0.00"
"124","2018-10-14 12:38:32","2018-10-15 10:37:17","L'Oreal","3474630413641","Inoa","Inoa 5","","02.01.14","0","Professional","3","2",\N,"0.00"
"125","2018-10-14 12:38:32","2018-10-15 10:37:17","L'Oreal","3474630462403","Inoa","Inoa 5,0","","02.01.15","0","Professional","1","2",\N,"0.00"
"126","2018-10-14 12:38:32","2018-10-15 10:37:17","L'Oreal","3474636448265","Inoa","Inoa 5,12","Inoa 5,12 Marron Resist","02.01.16","0","Professional","1","1",\N,"0.00"
"127","2018-10-14 12:38:32","2018-10-15 10:37:17","L'Oreal","3474636432721","Inoa","Inoa 5,15","Inoa 5,15 Marron Resist","02.01.17","0","Professional","1","1",\N,"0.00"
"128","2018-10-14 12:38:32","2018-10-15 10:37:17","L'Oreal","3474630446755","Inoa","Inoa 5,17","","02.01.18","0","Professional","1","1",\N,"0.00"
"129","2018-10-14 12:38:32","2018-10-15 10:37:17","L'Oreal","3474636401123","Inoa","Inoa 5,25","Inoa 5,25 Marron Resist","02.01.19","0","Professional","1","1",\N,"0.00"
"130","2018-10-14 12:38:32","2018-10-15 10:37:17","L'Oreal","3474630660540","Inoa","Inoa 5,3","","02.01.20","0","Professional","1","1",\N,"0.00"
"131","2018-10-14 12:38:32","2018-10-15 10:37:17","L'Oreal","3474630414044","Inoa","Inoa 5,32","","02.01.21","0","Professional","1","1",\N,"0.00"
"132","2018-10-14 12:38:32","2018-10-15 10:37:17","L'Oreal","3474630414143","Inoa","Inoa 5,35","","02.01.22","0","Professional","1","3",\N,"0.00"
"133","2018-10-14 12:38:32","2018-10-15 10:37:17","L'Oreal","3474630414242","Inoa","Inoa 5,4","","02.01.23","0","Professional","1","1",\N,"0.00"
"134","2018-10-14 12:38:32","2018-10-15 10:37:17","L'Oreal","3474630446854","Inoa","Inoa 5,45","","02.01.24","0","Professional","1","2",\N,"0.00"
"135","2018-10-14 12:38:32","2018-10-15 10:37:17","L'Oreal","3474636403837","Inoa","Inoa 5,5","Inoa 5,5 Marron Resist","02.01.25","0","Professional","1","1",\N,"0.00"
"136","2018-10-14 12:38:32","2018-10-15 10:37:17","L'Oreal","3474630447158","Inoa","Inoa 5,56","","","1","Professional","0","1",\N,"0.00"
"137","2018-10-14 12:38:32","2018-10-15 10:37:17","L'Oreal","","Inoa","Inoa 5,62","","","1","Professional","0","0",\N,"0.00"
"138","2018-10-14 12:38:32","2018-10-15 10:37:18","L'Oreal","3474630540927","Inoa","Inoa 5,8","","02.01.26","0","Professional","1","1",\N,"0.00"
"139","2018-10-14 12:38:32","2018-10-15 10:37:18","L'Oreal","3474630414648","Inoa","Inoa 6","","02.01.27","0","Professional","3","3",\N,"0.00"
"140","2018-10-14 12:38:32","2018-10-15 10:37:18","L'Oreal","3474630491717","Inoa","Inoa 6,0","","02.01.28","0","Professional","1","0",\N,"0.00"
"141","2018-10-14 12:38:32","2018-10-15 10:37:18","L'Oreal","3474630414747","Inoa","Inoa 6,1","","02.01.29","0","Professional","1","1",\N,"0.00"
"142","2018-10-14 12:38:32","2018-10-15 10:37:18","L'Oreal","3474630642065","Inoa","Inoa 6,17","","02.01.30","0","Professional","1","1",\N,"0.00"
"143","2018-10-14 12:38:32","2018-10-15 10:37:18","L'Oreal","","Inoa","Inoa 6,18","","02.01.31","0","Professional","1","1",\N,"0.00"
"144","2018-10-14 12:38:32","2018-10-15 10:37:18","L'Oreal","3474630414846","Inoa","Inoa 6,23","","02.01.32","0","Professional","1","1",\N,"0.00"
"145","2018-10-14 12:38:32","2018-10-15 10:37:18","L'Oreal","3474630660656","Inoa","Inoa 6,3","","02.01.33","0","Professional","1","2",\N,"0.00"
"146","2018-10-14 12:38:32","2018-10-15 10:37:18","L'Oreal","3474630415041","Inoa","Inoa 6,32","","02.01.34","0","Professional","1","2",\N,"0.00"
"147","2018-10-14 12:38:32","2018-10-15 10:37:18","L'Oreal","3474630415140","Inoa","Inoa 6,34","","02.01.35","0","Professional","1","2",\N,"0.00"
"148","2018-10-14 12:38:32","2018-10-15 10:37:18","L'Oreal","3474630529939","Inoa","Inoa 6,35","","02.01.36","0","Professional","1","1",\N,"0.00"
"149","2018-10-14 12:38:32","2018-10-15 10:37:18","L'Oreal","3474630481572","Inoa","Inoa 6,40","Inoa 6,40 Rubilane","02.01.37","0","Professional","0","1",\N,"0.00"
"150","2018-10-14 12:38:32","2018-10-15 10:37:18","L'Oreal","3474630482470","Inoa","Inoa 6,42","","02.01.38","0","Professional","1","1",\N,"0.00"
"151","2018-10-14 12:38:32","2018-10-15 10:37:18","L'Oreal","3474630415249","Inoa","Inoa 6,45","","02.01.39","0","Professional","1","1",\N,"0.00"
"152","2018-10-14 12:38:32","2018-10-15 10:37:18","L'Oreal","3474630415348","Inoa","Inoa 6,46","","02.01.40","0","Professional","1","1",\N,"0.00"
"153","2018-10-14 12:38:32","2018-10-15 10:37:18","L'Oreal","3474630447356","Inoa","Inoa 6,64","","","1","Professional","0","2",\N,"0.00"
"154","2018-10-14 12:38:32","2018-10-15 10:37:18","L'Oreal","3474630541023","Inoa","Inoa 6,8","","02.01.41","0","Professional","1","1",\N,"0.00"
"155","2018-10-14 12:38:32","2018-10-15 10:37:18","L'Oreal","3474630415546","Inoa","Inoa 7","","02.01.42","0","Professional","4","3",\N,"0.00"
"156","2018-10-14 12:38:32","2018-10-15 10:37:18","L'Oreal","3474630491816","Inoa","Inoa 7,0","","02.01.43","0","Professional","1","1",\N,"0.00"
"157","2018-10-14 12:38:32","2018-10-15 10:37:18","L'Oreal","3474630568129","Inoa","Inoa 7,07","","02.01.44","0","Professional","1","1",\N,"0.00"
"158","2018-10-14 12:38:32","2018-10-15 10:37:18","L'Oreal","3474630415645","Inoa","Inoa 7,1","","02.01.45","0","Professional","1","1",\N,"0.00"
"159","2018-10-14 12:38:32","2018-10-15 10:37:18","L'Oreal","3474636383108","Inoa","Inoa 7,11 Blond Resist","","02.01.46","0","Professional","1","1",\N,"0.00"
"160","2018-10-14 12:38:32","2018-10-15 10:37:18","L'Oreal","3474630415744","Inoa","Inoa 7,13","","02.01.47","0","Professional","1","1",\N,"0.00"
"161","2018-10-14 12:38:32","2018-10-15 10:37:18","L'Oreal","3474630696365","Inoa","Inoa 7,18","","02.01.48","0","Professional","1","1",\N,"0.00"
"162","2018-10-14 12:38:32","2018-10-15 10:37:18","L'Oreal","","Inoa","Inoa 7,23","","02.01.49","0","Professional","1","1",\N,"0.00"
"163","2018-10-14 12:38:32","2018-10-15 10:37:18","L'Oreal","3474630660748","Inoa","Inoa 7,3","","02.01.50","0","Professional","2","0",\N,"0.00"
"164","2018-10-14 12:38:32","2018-10-15 10:37:18","L'Oreal","3474630416048","Inoa","Inoa 7,31","","02.01.51","0","Professional","1","1",\N,"0.00"
"165","2018-10-14 12:38:32","2018-10-15 10:37:18","L'Oreal","3474630447455","Inoa","Inoa 7,34","","02.01.52","0","Professional","1","1",\N,"0.00"
"166","2018-10-14 12:38:32","2018-10-15 10:37:18","L'Oreal","3474630416147","Inoa","Inoa 7,35","","","1","Professional","0","1",\N,"0.00"
"167","2018-10-14 12:38:32","2018-10-15 10:37:18","L'Oreal","3474630642454","Inoa","Inoa 7,4","","02.01.53","0","Professional","1","1",\N,"0.00"
"168","2018-10-14 12:38:32","2018-10-15 10:37:18","L'Oreal","3474630416246","Inoa","Inoa 7,43","","02.01.54","0","Professional","2","1",\N,"0.00"
"169","2018-10-14 12:38:32","2018-10-15 10:37:18","L'Oreal","3474630482401","Inoa","Inoa 7,44","","02.01.55","0","Professional","1","2",\N,"0.00"
"170","2018-10-14 12:38:32","2018-10-15 10:37:18","L'Oreal","3474630482272","Inoa","Inoa 7,45","","02.01.56","0","Professional","1","1",\N,"0.00"
"171","2018-10-14 12:38:32","2018-10-15 10:37:18","L'Oreal","3474630541122","Inoa","Inoa 7,8","","02.01.57","0","Professional","1","1",\N,"0.00"
"172","2018-10-14 12:38:32","2018-10-15 10:37:18","L'Oreal","3474630416345","Inoa","Inoa 8","","02.01.58","0","Professional","4","3",\N,"0.00"
"173","2018-10-14 12:38:32","2018-10-15 10:37:18","L'Oreal","3474630642850","Inoa","Inoa 8,0","","02.01.59","0","Professional","1","0",\N,"0.00"
"174","2018-10-14 12:38:32","2018-10-15 10:37:18","L'Oreal","3474630416444","Inoa","Inoa 8,1","","02.01.60","0","Professional","1","1",\N,"0.00"
"175","2018-10-14 12:38:32","2018-10-15 10:37:18","L'Oreal","3474630568525","Inoa","Inoa 8,11","","02.01.61","0","Professional","1","1",\N,"0.00"
"176","2018-10-14 12:38:32","2018-10-15 10:37:18","L'Oreal","3474630447554","Inoa","Inoa 8,13","","02.01.62","0","Professional","1","1",\N,"0.00"
"177","2018-10-14 12:38:32","2018-10-15 10:37:18","L'Oreal","3474636383085","Inoa","Inoa 8,21 Blond Resist","","02.01.63","0","Professional","2","2",\N,"0.00"
"178","2018-10-14 12:38:32","2018-10-15 10:37:18","L'Oreal","3474630484214","Inoa","Inoa 8,23","","02.01.64","0","Professional","1","1",\N,"0.00"
"179","2018-10-14 12:38:32","2018-10-15 10:37:18","L'Oreal","","Inoa","Inoa 8,3","","02.01.65","0","Professional","1","1",\N,"0.00"
"180","2018-10-14 12:38:32","2018-10-15 10:37:18","L'Oreal","","Inoa","Inoa 8,31","","02.01.66","0","Professional","1","1",\N,"0.00"
"181","2018-10-14 12:38:32","2018-10-15 10:37:18","L'Oreal","","Inoa","Inoa 8,34","","02.01.67","0","Professional","1","1",\N,"0.00"
"182","2018-10-14 12:38:32","2018-10-15 10:37:18","L'Oreal","3474630484511","Inoa","Inoa 8,40","","02.01.68","0","Professional","1","1",\N,"0.00"
"183","2018-10-14 12:38:32","2018-10-15 10:37:18","L'Oreal","3474630696464","Inoa","Inoa 8,8","","02.01.69","0","Professional","1","1",\N,"0.00"
"184","2018-10-14 12:38:32","2018-10-15 10:37:18","L'Oreal","3474630416833","Inoa","Inoa 9","","02.01.70","0","Professional","2","2",\N,"0.00"
"185","2018-10-14 12:38:32","2018-10-15 10:37:18","L'Oreal","3474630642959","Inoa","Inoa 9,0","","02.01.71","0","Professional","1","0",\N,"0.00"
"186","2018-10-14 12:38:32","2018-10-15 10:37:18","L'Oreal","3474630482678","Inoa","Inoa 9,01","","","1","Professional","0","1",\N,"0.00"
"187","2018-10-14 12:38:32","2018-10-15 10:37:18","L'Oreal","3474630447653","Inoa","Inoa 9,1","","02.01.72","0","Professional","1","1",\N,"0.00"
"188","2018-10-14 12:38:32","2018-10-15 10:37:18","L'Oreal","3474630642355","Inoa","Inoa 9,11","","02.01.73","0","Professional","1","1",\N,"0.00"
"189","2018-10-14 12:38:32","2018-10-15 10:37:18","L'Oreal","3474636383092","Inoa","Inoa 9,12 Blond Resist","","02.01.74","0","Professional","1","1",\N,"0.00"
"190","2018-10-14 12:38:32","2018-10-15 10:37:18","L'Oreal","3474630416932","Inoa","Inoa 9,13","","02.01.75","0","Professional","1","1",\N,"0.00"
"191","2018-10-14 12:38:32","2018-10-15 10:37:18","L'Oreal","3474636383122","Inoa","Inoa 9,22 Blond Resist","","02.01.76","0","Professional","1","1",\N,"0.00"
"192","2018-10-14 12:38:32","2018-10-15 10:37:18","L'Oreal","3474630660946","Inoa","Inoa 9,3","","02.01.77","0","Professional","1","1",\N,"0.00"
"193","2018-10-14 12:38:32","2018-10-15 10:37:18","L'Oreal","3474630696563","Inoa","Inoa 9,8","","02.01.78","0","Professional","1","1",\N,"0.00"
"194","2018-10-14 12:38:32","2018-10-15 10:37:18","L'Oreal","3474630673373","Inoa","Inoa Blue","","02.01.02","0","Professional","1","1",\N,"0.00"
"195","2018-10-14 12:38:32","2018-10-15 10:37:18","L'Oreal","3474630634602","Inoa Carmilane","Inoa Carmilane 4,62","","02.02.01","0","Professional","1","1",\N,"0.00"
"196","2018-10-14 12:38:32","2018-10-15 10:37:18","L'Oreal","3474630634701","Inoa Carmilane","Inoa Carmilane 5,6","","02.02.02","0","Professional","1","1",\N,"0.00"
"197","2018-10-14 12:38:32","2018-10-15 10:37:18","L'Oreal","3474630634909","Inoa Carmilane","Inoa Carmilane 6,66","","02.02.03","0","Professional","1","2",\N,"0.00"
"198","2018-10-14 12:38:32","2018-10-15 10:37:18","L'Oreal","3474630655379","Inoa","Inoa Clear","","02.01.01","0","Professional","2","2",\N,"0.00"
"199","2018-10-14 12:38:32","2018-10-15 10:37:18","L'Oreal","3474630489561","Inoa Supreme","Inoa Supreme 10,13","","02.03.08","0","Professional","1","1",\N,"0.00"
"200","2018-10-14 12:38:32","2018-10-15 10:37:18","L'Oreal","3474630488762","Inoa Supreme","Inoa Supreme 6,23","","02.03.01","0","Professional","2","1",\N,"0.00"
"201","2018-10-14 12:38:32","2018-10-15 10:37:18","L'Oreal","3474630488564","Inoa Supreme","Inoa Supreme 7,32","","02.03.02","0","Professional","1","1",\N,"0.00"
"202","2018-10-14 12:38:32","2018-10-15 10:37:18","L'Oreal","3474630489264","Inoa Supreme","Inoa Supreme 7,34","","02.03.03","0","Professional","1","1",\N,"0.00"
"203","2018-10-14 12:38:32","2018-10-15 10:37:18","L'Oreal","3474630488861","Inoa Supreme","Inoa Supreme 8,13","","02.03.04","0","Professional","1","0",\N,"0.00"
"204","2018-10-14 12:38:32","2018-10-15 10:37:18","L'Oreal","3474630490352","Inoa Supreme","Inoa Supreme 8,23","","02.03.05","0","Professional","1","1",\N,"0.00"
"205","2018-10-14 12:38:32","2018-10-15 10:37:18","L'Oreal","3474630488663","Inoa Supreme","Inoa Supreme 8,31","","02.03.06","0","Professional","1","1",\N,"0.00"
"206","2018-10-14 12:38:32","2018-10-15 10:37:18","L'Oreal","3474630489752","Inoa Supreme","Inoa Supreme 9,13","","02.03.07","0","Professional","1","1",\N,"0.00"
"207","2018-10-14 12:38:32","2018-10-15 10:37:18","L'Oreal","3474630673472","Inoa","Inoa Green","","02.01.03","0","Professional","1","1",\N,"0.00"
"208","2018-10-14 12:38:32","2018-10-15 10:37:18","Unknown","9342495000310","Unknown","Latino Keratin Infused Conditioner  470ml","","","0","",\N,"2",\N,"35.00"
"209","2018-10-14 12:38:32","2018-10-15 10:37:18","Unknown","9342495000303","Unknown","Latino Keratin Infused Shampoo  470ml","","","0","",\N,"1",\N,"35.00"
"210","2018-10-14 12:38:32","2018-10-15 10:37:18","L'Oreal","3474630627178","Unknown","LOR Hair Chalk 50ml Blue Ocean Cruise","","","0","","0","3",\N,"25.00"
"211","2018-10-14 12:38:32","2018-10-15 10:37:18","L'Oreal","3474630627291","Unknown","LOR Hair Chalk 50ml Bronze Beach","","","0","","0","3",\N,"25.00"
"212","2018-10-14 12:38:32","2018-10-15 10:37:18","L'Oreal","3474630627130","Unknown","LOR Hair Chalk 50ml Coral Sunset","","","0","","0","4",\N,"25.00"
"213","2018-10-14 12:38:32","2018-10-15 10:37:18","L'Oreal","3474630627475","Unknown","LOR Hair Chalk 50ml First Date Violet","","","0","","0","3",\N,"25.00"
"214","2018-10-14 12:38:32","2018-10-15 10:37:18","L'Oreal","","Unknown","LOR Hair Chalk 50ml Garden Party","","","0","","0","0",\N,"25.00"
"215","2018-10-14 12:38:32","2018-10-15 10:37:18","L'Oreal","3474630627215","Unknown","LOR Hair Chalk 50ml Sweet Sixteen Pink","","","0","","0","1",\N,"25.00"
"216","2018-10-14 12:38:32","2018-10-15 10:37:18","L'Oreal","3474630698000","Hair Touch Up","LOR Hair Touch Up Black 75ml","","06.01.01","0","Retail","3","3","21.95","21.95"
"217","2018-10-14 12:38:32","2018-10-15 10:37:18","L'Oreal","3474630698185","Hair Touch Up","LOR Hair Touch Up Brown 75ml","","06.01.02","0","Retail","3","2","21.95","21.95"
"218","2018-10-14 12:38:32","2018-10-15 10:37:18","L'Oreal","3474630698505","Hair Touch Up","LOR Hair Touch Up Dark Blonde 75ml","","06.01.05","0","Retail","3","2","21.95","21.95"
"219","2018-10-14 12:38:32","2018-10-15 10:37:18","L'Oreal","3474630698345","Hair Touch Up","LOR Hair Touch up Light Brown 75ml","","06.01.04","0","Retail","3","3",\N,"21.95"
"220","2018-10-14 12:38:32","2018-10-15 10:37:18","L'Oreal","3474636434091","Hair Touch Up","LOR Hair Touch up Mahogany Brown 75ml","","06.01.03","0","Retail","3","3",\N,"21.95"
"221","2018-10-14 12:38:32","2018-10-15 10:37:18","L'Oreal","3474636434145","Hair Touch Up","LOR Hair Touch up Warm Blonde 75ml","","06.01.06","0","Retail","3","2",\N,"21.95"
"222","2018-10-14 12:38:32","2018-10-15 10:37:18","L'Oreal","3474630729919","Infinium","LOR Infinium Hairspray 500ml","","08.111.01","0","","4","2",\N,"15.95"
"223","2018-10-14 12:38:32","2018-10-15 10:37:18","L'Oreal","3474630471764","Unknown","LOR Mythic Oil Masque 200ml","","","0","","0","1",\N,"31.00"
"224","2018-10-14 12:38:32","2018-10-15 10:37:18","L'Oreal","3474636391134","Unknown","LOR Mythic Oil Shampoo 250ml","","","0","","0","0",\N,"26.95"
"225","2018-10-14 12:38:32","2018-10-15 10:37:18","L'Oreal","9315341031608","Unknown","LOR Pack For Coloured Hair","","","0","","0","5",\N,"54.95"
"226","2018-10-14 12:38:32","2018-10-15 10:37:18","L'Oreal","9315341020381","Unknown","LOR Pack Luminous Blonde Hair","","","0","","0","0",\N,"69.95"
"227","2018-10-14 12:38:32","2018-10-15 10:37:18","L'Oreal","3474630731912","Profiber","LOR PF Reconstruct Conditioner 200ml","","","0","Retail","0","1",\N,"26.00"
"228","2018-10-14 12:38:32","2018-10-15 10:37:18","L'Oreal","3474630732117","Profiber","LOR PF Reconstruct Leave In 75ml","","","0","Retail","0","3",\N,"29.00"
"229","2018-10-14 12:38:32","2018-10-15 10:37:18","L'Oreal","3474630732018","Profiber","LOR PF Reconstruct Masque 200ml","","","0","Retail","0","2",\N,"35.00"
"230","2018-10-14 12:38:32","2018-10-15 10:37:18","L'Oreal","3474630731813","Profiber","LOR PF Reconstruct Shampoo 250ml","","","0","Retail","0","1",\N,"29.00"
"231","2018-10-14 12:38:32","2018-10-15 10:37:18","L'Oreal","3474636388790","Profiber","LOR PF Recreate  Shampoo 250ml","","","0","Retail","0","1",\N,"29.00"
"232","2018-10-14 12:38:32","2018-10-15 10:37:18","L'Oreal","3474636388868","Profiber","LOR PF Recreate Conditioner 200ml","","","0","Retail","0","2",\N,"29.00"
"233","2018-10-14 12:38:32","2018-10-15 10:37:18","L'Oreal","3474636388882","Profiber","LOR PF Recreate Leave In 150ml","","","0","Retail","0","4","29.00","29.00"
"234","2018-10-14 12:38:32","2018-10-15 10:37:18","L'Oreal","3474630731110","Profiber","LOR PF Rectify Conditioner 250ml","","","0","Retail","0","2",\N,"29.00"
"235","2018-10-14 12:38:32","2018-10-15 10:37:18","L'Oreal","3474630731318","Profiber","LOR PF Rectify Leave In","","","0","Retail","0","2",\N,"29.00"
"236","2018-10-14 12:38:32","2018-10-15 10:37:18","L'Oreal","3474630731219","Profiber","LOR PF Rectify Masque 200ml","","","0","Retail","0","4",\N,"35.00"
"237","2018-10-14 12:38:32","2018-10-15 10:37:18","L'Oreal","3474630731011","Profiber","LOR PF Rectify Shampoo 250ml","","","0","Retail","0","2",\N,"29.00"
"238","2018-10-14 12:38:32","2018-10-15 10:37:18","L'Oreal","3474630731516","Profiber","LOR PF Restore Conditioner 250ml","","","0","Retail","0","2",\N,"29.00"
"239","2018-10-14 12:38:32","2018-10-15 10:37:18","L'Oreal","3474630731714","Profiber","LOR PF Restore Leave In 150ml","","","0","Retail","0","1",\N,"29.00"
"240","2018-10-14 12:38:32","2018-10-15 10:37:18","L'Oreal","3474630731615","Profiber","LOR PF Restore Masque 200ml","","","0","Retail","0","4",\N,"35.00"
"241","2018-10-14 12:38:32","2018-10-15 10:37:18","L'Oreal","3474630731417","Profiber","LOR PF Restore Shampoo 250ml","","","0","Retail","0","2",\N,"29.00"
"242","2018-10-14 12:38:32","2018-10-15 11:00:12","L'Oreal","3474636481750","Serie Expert - Absolut Repair","LOR SE Absolut Repair Conditioner 200ml","","08.08.02","0","Retail","3","2","10.97","29.00"
"243","2018-10-14 12:38:32","2018-10-15 11:00:12","L'Oreal","3474636481712","Serie Expert - Absolut Repair","LOR SE Absolut Repair Shampoo 300ml","","08.08.01","0","Retail","3","2",\N,"29.00"
"244","2018-10-14 12:38:32","2018-10-15 11:00:12","L'Oreal","3474636481804","Serie Expert - Absolut Repair","LOR SE Absolute Repair Blow-Dry Cream 125ml","","08.08.05","0","Retail","2","2",\N,"26.00"
"245","2018-10-14 12:38:32","2018-10-15 11:00:12","L'Oreal","3474636481866","Serie Expert - Absolut Repair","LOR SE Absolute Repair Double Serum 2 x 15ml","","08.08.04","0","Retail","2","4",\N,"26.00"
"246","2018-10-14 12:38:32","2018-10-15 11:00:12","L'Oreal","3474630641143","Serie Expert - Absolut Repair","LOR SE Absolute Repair Double Serum EX 2 x 15ml","","","1","Retail","0","1",\N,"26.00"
"247","2018-10-14 12:38:32","2018-10-15 11:00:12","L'Oreal","884486339720","Serie Expert - Inforcer","LOR SE Inforcer Brush Proof 37g","","08.03.04","0","Retail","1","3",\N,"31.00"
"248","2018-10-14 12:38:32","2018-10-15 11:00:12","L'Oreal","3474636483976","Serie Expert - Inforcer","LOR SE Inforcer Conditioner 200ml","","08.03.02","0","Retail","2","3",\N,"29.00"
"249","2018-10-14 12:38:32","2018-10-15 11:00:12","L'Oreal","3474636483990","Serie Expert - Inforcer","LOR SE Inforcer Masque 250ml","","08.03.03","0","Retail","1","1",\N,"34.00"
"250","2018-10-14 12:38:32","2018-10-15 11:00:12","L'Oreal","3474636483938","Serie Expert - Inforcer","LOR SE Inforcer Shampoo 300ml","","08.03.01","0","Retail","2","2",\N,"29.00"
"251","2018-10-14 12:38:32","2018-10-15 11:00:12","L'Oreal","3474636482474","Serie Expert - Liss Unlimited","LOR SE Liss Unlimited Masque 250ml","","08.09.02","0","Retail","2","1","12.84","34.00"
"252","2018-10-14 12:38:32","2018-10-15 11:00:12","L'Oreal","3474636481910","Serie Expert - Liss Unlimited","LOR SE Liss Unlimited Shampoo 300ml","","08.09.01","0","Retail","2","2","10.97","29.00"
"253","2018-10-14 12:38:33","2018-10-15 11:00:12","L'Oreal","3474636482511","Serie Expert - Liss Unlimited","LOR SE Liss Unlimited Smoothing Cream 150ml","","08.09.03","0","Retail","1","3",\N,"26.00"
"254","2018-10-14 12:38:33","2018-10-15 11:00:12","L'Oreal","3474630536012","Serie Expert - Liss Unlimited","LOR SE Liss Unlimited Smoothing Cream EX 150ml","","","0","Retail","0","1",\N,"26.00"
"255","2018-10-14 12:38:33","2018-10-15 11:00:12","L'Oreal","3474633001876","Serie Expert - Lumino Contrast","LOR SE Lumino Contrast 200ml","","08.04.02","0","Retail","0","2",\N,"31.00"
"256","2018-10-14 12:38:33","2018-10-15 11:00:12","L'Oreal","3474633001807","Serie Expert - Lumino Contrast","LOR SE Lumino Contrast Shampoo 250ml","","08.04.01","0","Retail","0","1",\N,"26.00"
"257","2018-10-14 12:38:33","2018-10-15 11:00:12","L'Oreal","3474636506194","Serie Expert - Nutrifier","LOR SE Nutrifier Blow Dry Cream 150ml","","08.07.04","0","Retail","2","2",\N,"26.00"
"258","2018-10-14 12:38:33","2018-10-15 11:00:12","L'Oreal","3474636506156","Serie Expert - Nutrifier","LOR SE Nutrifier Conditioner 200ml","","08.07.02","0","Retail","2","1","10.97","29.00"
"259","2018-10-14 12:38:33","2018-10-15 11:00:12","L'Oreal","3474636382880","Serie Expert - Nutrifier","LOR SE Nutrifier Masque EX 200ml","","","1","Retail","0","1",\N,"31.00"
"260","2018-10-14 12:38:33","2018-10-15 11:00:12","L'Oreal","3474636506170","Serie Expert - Nutrifier","LOR SE Nutrifier Masque 250ml","","08.07.03","0","Retail","2","2",\N,"34.00"
"261","2018-10-14 12:38:33","2018-10-15 11:00:12","L'Oreal","3474636506125","Serie Expert - Nutrifier","LOR SE Nutrifier Shampoo 300ml","","08.07.01","0","Retail","2","2","10.97","29.00"
"262","2018-10-14 12:38:33","2018-10-15 11:00:12","L'Oreal","3474636568918","Serie Expert - Scalp","LOR SE Scalp Instant Clear Shampoo 300ml","","08.11.02","0","Retail","2","2",\N,"29.00"
"263","2018-10-14 12:38:33","2018-10-15 11:00:12","L'Oreal","3474636505593","Serie Expert - Scalp","LOR SE Scalp Sensi Balance Shampoo 300ml","","08.11.01","0","Retail","2","2",\N,"29.00"
"264","2018-10-14 12:38:33","2018-10-15 11:00:12","L'Oreal","3474636404407","Serie Expert - Shine Blond","LOR SE Shine Blonde Shampoo 250ml","","08.05.01","0","Retail","2","5",\N,"26.00"
"265","2018-10-14 12:38:33","2018-10-15 11:00:12","L'Oreal","3474636502844","Serie Expert - Silver","LOR SE Silver Shampoo 300ml","","08.06.01","0","Retail","2","1","29.00","29.00"
"266","2018-10-14 12:38:33","2018-10-15 11:00:12","L'Oreal","3474636483839","Serie Expert - Vitamano Color A-OX","LOR SE Vit Col AOX 10 in 1 Spray","","08.02.06","0","Retail","4","4",\N,"31.00"
"267","2018-10-14 12:38:33","2018-10-15 11:00:12","L'Oreal","3474636483778","Serie Expert - Vitamano Color A-OX","LOR SE Vit Col AOX Color Correct Blonde 150ml","","08.02.04","0","Retail","4","8",\N,"26.00"
"268","2018-10-14 12:38:33","2018-10-15 11:00:12","L'Oreal","3474636483815","Serie Expert - Vitamano Color A-OX","LOR SE Vit Col AOX Color Corrector Brunettes 150ml","","08.02.05","0","Retail","2","2",\N,"26.00"
"269","2018-10-14 12:38:33","2018-10-15 11:00:12","L'Oreal","3474636483648","Serie Expert - Vitamano Color A-OX","LOR SE Vit Col AOX Conditioner 200ml","","08.02.02","0","Retail","3","1","10.97","29.00"
"270","2018-10-14 12:38:33","2018-10-15 11:00:12","L'Oreal","3474630714762","Serie Expert - Vitamano Color A-OX","LOR SE Vit Col AOX Masque 200ml","","08.02.03","0","Retail","2","1",\N,"31.00"
"271","2018-10-14 12:38:33","2018-10-15 11:00:12","L'Oreal","3474636483891","Serie Expert - Vitamano Color A-OX","LOR SE Vit Col AOX Shampoo 300ml","","08.02.01","0","Retail","3","0","10.97","29.00"
"272","2018-10-14 12:38:33","2018-10-15 11:00:12","L'Oreal","3474630307476","Serie Expert - Vitamano Color A-OX","LOR SE Vitamino Color Masque 200ml","","","1","Retail","0","1",\N,"31.00"
"273","2018-10-14 12:38:33","2018-10-15 11:00:12","L'Oreal","3474636505890","Serie Expert - Volumetry","LOR SE Volumetry Conditioner 200ml","","08.10.02","0","Retail","3","1","10.97","29.00"
"274","2018-10-14 12:38:33","2018-10-15 11:00:12","L'Oreal","3474630527584","Serie Expert - Volumetry","LOR SE Volumetry Root Lift Spray 125ml","","08.10.03","0","Retail","1","1",\N,"26.00"
"275","2018-10-14 12:38:33","2018-10-15 11:00:12","L'Oreal","3474636505876","Serie Expert - Volumetry","LOR SE Volumetry Shampoo 300ml","","08.10.01","0","Retail","3","1","10.97","29.00"
"276","2018-10-14 12:38:33","2018-10-15 10:37:18","L'Oreal","3474636452842","Smartbond","LOR Smartbond Conditioner 250ml","","","0","Retail","4","7","45.00","45.00"
"277","2018-10-14 12:38:33","2018-10-15 10:37:18","L'Oreal","3474630657632","Steampod","LOR Steampod","","","0","","0","4",\N,"330.00"
"278","2018-10-14 12:38:33","2018-10-15 10:37:18","L'Oreal","3474630643291","Serioxyl","LOR SX Coloured Hair Conditioner 250ml","","08.01.06","0","Retail","2","1",\N,"34.00"
"279","2018-10-14 12:38:33","2018-10-15 10:37:18","L'Oreal","3474630643178","Serioxyl","LOR SX Coloured Hair Shampoo 250ml","","08.01.05","0","Retail","2","3",\N,"34.00"
"280","2018-10-14 12:38:33","2018-10-15 10:37:18","L'Oreal","3474636432905","Serioxyl","LOR SX Denser Hair Gelee 90ml","","08.01.02","0","Retail","2","1",\N,"60.00"
"281","2018-10-14 12:38:33","2018-10-15 10:37:18","L'Oreal","3474630643253","Serioxyl","LOR SX Natural Hair Conditioner 250ml","","08.01.04","0","Retail","1","2",\N,"34.00"
"282","2018-10-14 12:38:33","2018-10-15 10:37:18","L'Oreal","3474630643161","Serioxyl","LOR SX Natural Hair Shampoo 250ml","","08.01.03","0","Retail","1","2",\N,"34.00"
"283","2018-10-14 12:38:33","2018-10-15 10:37:18","L'Oreal","3474630643659","Serioxyl","LOR SX Thicker Hair 90ml","","08.01.01","0","Retail","2","2",\N,"60.00"
"284","2018-10-14 12:38:33","2018-10-15 11:00:12","L'Oreal","3474630648418","Techni Art - Dual Stylers","LOR TA Dual Stylers Sleek and Swing 150ml","","08.13.02","0","Retail","4","1",\N,"34.95"
"285","2018-10-14 12:38:33","2018-10-15 11:00:12","L'Oreal","3474630648371","Techni Art - Dual Stylers","LOR TA DualStylers Bouncy & Tender 150ml","","08.13.03","0","Retail","4","2",\N,"34.95"
"286","2018-10-14 12:38:33","2018-10-15 11:00:12","L'Oreal","3474630648456","Techni Art - Dual Stylers","LOR TA DualStylers Liss & Push Up 150ml","","08.13.01","0","Retail","4","3",\N,"34.95"
"287","2018-10-14 12:38:33","2018-10-15 11:00:12","L'Oreal","3474630625082","Techni Art - Fix","LOR TA Fix Air Fix 400ml","","08.16.01","0","Retail","2","2",\N,"31.95"
"288","2018-10-14 12:38:33","2018-10-15 11:00:12","L'Oreal","3474630624979","Techni Art - Fix","LOR TA Fix Anti-Frizz 250ml","","","1","Retail","1","2",\N,"25.95"
"289","2018-10-14 12:38:33","2018-10-15 11:00:12","L'Oreal","3474630613638","Techni Art - Fix","LOR TA Fix Design 200ml","","08.16.02","0","Retail","2","6",\N,"25.95"
"290","2018-10-14 12:38:33","2018-10-15 11:00:12","L'Oreal","3474630632196","Techni Art - Fix","LOR TA Fix Deviation Paste 100ml","","08.16.03","0","Retail","2","2",\N,"25.95"
"291","2018-10-14 12:38:33","2018-10-15 11:00:12","L'Oreal","3474630614727","Techni Art - Fix","LOR TA Fix Web 150ml","","08.16.04","0","Retail","2","1",\N,"25.95"
"292","2018-10-14 12:38:33","2018-10-15 11:00:12","L'Oreal","3474636370597","Techni Art - French Girl Hair","LOR TA French Girl Messy Cliche 150ml","","08.14.02","0","Retail","1","0",\N,"34.95"
"293","2018-10-14 12:38:33","2018-10-15 11:00:12","L'Oreal","3474630623026","Techni Art - Smoothing","LOR TA Smooth Liss Control 150ml","","08.18.01","0","Retail","2","4",\N,"25.95"
"294","2018-10-14 12:38:33","2018-10-15 11:00:12","L'Oreal","3474630623095","Techni Art - Smoothing","LOR TA Smooth Liss Control+ 50ml","","08.18.02","0","Retail","1","1",\N,"25.95"
"295","2018-10-14 12:38:33","2018-10-15 11:00:12","L'Oreal","3474636108374","Techni Art - Texture","LOR TA Texture Morning After Dust 200ml","","08.15.01","0","Retail","1","0",\N,"25.95"
"296","2018-10-14 12:38:33","2018-10-15 11:00:12","L'Oreal","3474630631809","Techni Art - Volume","LOR TA Volume Architect 150ml","","08.17.03","0","Retail","3","3",\N,"25.95"
"297","2018-10-14 12:38:33","2018-10-15 11:00:12","L'Oreal","3474630618695","Techni Art - Volume","LOR TA Volume Density Material 100ml","","08.17.05","0","Retail","2","2","10.67","25.95"
"298","2018-10-14 12:38:33","2018-10-15 11:00:12","L'Oreal","3474630614543","Techni Art - Volume","LOR TA Volume Full Volume Extra 250ml","","08.17.01","0","Retail","2","1",\N,"25.95"
"299","2018-10-14 12:38:33","2018-10-15 11:00:12","L'Oreal","3474630736221","Techni Art - Volume","LOR TA Volume Pli 190ml","","08.17.02","0","Retail","3","3",\N,"25.95"
"300","2018-10-14 12:38:33","2018-10-15 11:00:12","L'Oreal","3474630614611","Techni Art - Volume","LOR TA Volume Super Dust 7g","","08.17.04","0","Retail","1","0",\N,"25.95"
"301","2018-10-14 12:38:33","2018-10-15 11:00:12","L'Oreal","3474636355969","Techni Art - Wild Stylers","LOR TA WildStylers 60's Babe 250ml","","08.12.05","0","Retail","1","1",\N,"34.95"
"302","2018-10-14 12:38:33","2018-10-15 11:00:12","L'Oreal","3474630618435","Techni Art - Wild Stylers","LOR TA WildStylers Beach Waves 150ml","","08.12.04","0","Retail","2","3",\N,"34.95"
"303","2018-10-14 12:38:33","2018-10-15 11:00:12","L'Oreal","3474630631847","Techni Art - Wild Stylers","LOR TA WildStylers Crepage De Chignon 200ml","","08.12.01","0","Retail","2","2",\N,"34.95"
"304","2018-10-14 12:38:33","2018-10-15 11:00:12","L'Oreal","3474630618473","Techni Art - Wild Stylers","LOR TA WildStylers Depolish 100ml","","08.12.03","0","Retail","3","3","14.18","34.95"
"305","2018-10-14 12:38:33","2018-10-15 11:00:12","L'Oreal","3474630618329","Techni Art - Wild Stylers","LOR TA WildStylers Next Day Hair 250ml","","","0","Retail","1","2",\N,"34.95"
"306","2018-10-14 12:38:33","2018-10-15 11:00:12","L'Oreal","3474636501953","Techni Art - Wild Stylers","LOR TA WildStylers Powder In Lotion 150ml","","08.12.06","0","Retail","1","1",\N,"34.95"
"307","2018-10-14 12:38:33","2018-10-15 11:00:12","L'Oreal","3474630618213","Techni Art - Wild Stylers","LOR TA WildStylers Scruff Me 150ml","","08.12.02","0","Retail","2","2",\N,"34.95"
"310","2018-10-14 12:38:33","2018-10-15 10:37:19","L'Oreal","3474634003893","Majicontrast","Majicontrast Copper","","03.08.02","0","Professional","1","1",\N,"0.00"
"311","2018-10-14 12:38:33","2018-10-15 10:37:19","L'Oreal","3474634003879","Majicontrast","Majicontrast Red","","03.08.03","0","Professional","1","1",\N,"0.00"
"312","2018-10-14 12:38:33","2018-10-15 10:37:19","L'Oreal","3474634003916","Majicontrast","Majicontrast Red Magenta","","03.08.01","0","Professional","2","2",\N,"0.00"
"313","2018-10-14 12:38:33","2018-10-15 10:37:19","L'Oreal","3474634003244","Majirel","Majirel 1","","03.01.01","0","Professional","1","1",\N,"0.00"
"314","2018-10-14 12:38:33","2018-10-15 10:37:19","L'Oreal","3474634002940","Majirel","Majirel 10","Majirel 10 Very Lightest Blonde","03.01.72","0","Professional","2","1",\N,"0.00"
"315","2018-10-14 12:38:33","2018-10-15 10:37:19","L'Oreal","","Majirel","Majirel 10 1/2,1","","03.01.76","0","Professional","1","0",\N,"0.00"
"316","2018-10-14 12:38:33","2018-10-15 10:37:19","L'Oreal","3474634001257","Majirel","Majirel 10,1","","03.01.73","0","Professional","1","0",\N,"0.00"
"317","2018-10-14 12:38:33","2018-10-15 10:37:19","L'Oreal","","Majirel","Majirel 10,13","","03.01.74","0","Professional","1","1",\N,"0.00"
"318","2018-10-14 12:38:33","2018-10-15 10:37:19","L'Oreal","","Majirel","Majirel 10,21","","03.01.75","0","Professional","1","1",\N,"0.00"
"319","2018-10-14 12:38:33","2018-10-15 10:37:19","L'Oreal","3474634003237","Majirel","Majirel 3","","03.01.02","0","Professional","2","2",\N,"0.00"
"320","2018-10-14 12:38:33","2018-10-15 10:37:19","L'Oreal","3474634003213","Majirel","Majirel 4","","03.01.03","0","Professional","4","3",\N,"0.00"
"321","2018-10-14 12:38:33","2018-10-15 10:37:19","L'Oreal","3474634001752","Majirel","Majirel 4,0","","03.01.04","0","Professional","1","1",\N,"0.00"
"322","2018-10-14 12:38:33","2018-10-15 10:37:19","L'Oreal","3474634003756","Majirel","Majirel 4,15","","03.01.05","0","Professional","1","1",\N,"0.00"
"323","2018-10-14 12:38:33","2018-10-15 10:37:19","L'Oreal","3474634002315","Majirel","Majirel 4,3","","03.01.06","0","Professional","1","0",\N,"0.00"
"324","2018-10-14 12:38:33","2018-10-15 10:37:19","L'Oreal","3474634002322","Majirel","Majirel 4,35","","03.01.07","0","Professional","1","1",\N,"0.00"
"325","2018-10-14 12:38:33","2018-10-15 10:37:19","L'Oreal","3474630252233","Majirel","Majirel 4,51","","03.01","1","Professional","0","1",\N,"0.00"
"326","2018-10-14 12:38:33","2018-10-15 10:37:19","L'Oreal","3474636333226","Majirel","Majirel 4,55","","03.01.08","0","Professional","1","3",\N,"0.00"
"327","2018-10-14 12:38:33","2018-10-15 10:37:19","L'Oreal","3474634002346","Majirel","Majirel 4,56","","03.01.09","0","Professional","1","1",\N,"0.00"
"328","2018-10-14 12:38:33","2018-10-15 10:37:19","L'Oreal","3474630587601","Majirel","Majirel 4,8","","03.01.10","0","Professional","1","1",\N,"0.00"
"329","2018-10-14 12:38:33","2018-10-15 10:37:19","L'Oreal","3474634003176","Majirel","Majirel 5","","03.01.11","0","Professional","5","4",\N,"0.00"
"330","2018-10-14 12:38:33","2018-10-15 10:37:19","L'Oreal","3474634001660","Majirel","Majirel 5,0","","03.01.12","0","Professional","1","2",\N,"0.00"
"331","2018-10-14 12:38:33","2018-10-15 10:37:19","L'Oreal","3474636400638","Majirel","Majirel 5,024","","03.01","1","Professional","0","1",\N,"0.00"
"332","2018-10-14 12:38:33","2018-10-15 10:37:19","L'Oreal","3474636400614","Majirel","Majirel 5,025","","03.01.13","0","Professional","1","2",\N,"0.00"
"333","2018-10-14 12:38:33","2018-10-15 10:37:19","L'Oreal","3474636400577","Majirel","Majirel 5,041","","03.01.14","0","Professional","1","2",\N,"0.00"
"334","2018-10-14 12:38:33","2018-10-15 10:37:19","L'Oreal","3474636400645","Majirel","Majirel 5,042","","03.01.15","0","Professional","1","2",\N,"0.00"
"335","2018-10-14 12:38:33","2018-10-15 10:37:19","L'Oreal","3474636531950","Majirel","Majirel 5,12","","03.01.16","0","Professional","2","1",\N,"0.00"
"336","2018-10-14 12:38:33","2018-10-15 10:37:19","L'Oreal","3474636531974","Majirel","Majirel 5,15","","03.01.17","0","Professional","2","1",\N,"0.00"
"337","2018-10-14 12:38:33","2018-10-15 10:37:19","L'Oreal","3474634002759","Majirel","Majirel 5,3","","03.01.18","0","Professional","2","2",\N,"0.00"
"338","2018-10-14 12:38:33","2018-10-15 10:37:19","L'Oreal","3474636531929","Majirel","Majirel 5,32","","03.01.19","0","Professional","1","2",\N,"0.00"
"339","2018-10-14 12:38:33","2018-10-15 10:37:19","L'Oreal","3474634002278","Majirel","Majirel 5,35","","03.01.20","0","Professional","1","1",\N,"0.00"
"340","2018-10-14 12:38:33","2018-10-15 10:37:19","L'Oreal","3474634005279","Majirel","Majirel 5,4","","03.01.21","0","Professional","1","1",\N,"0.00"
"341","2018-10-14 12:38:33","2018-10-15 10:37:19","L'Oreal","","Majirel","Majirel 5,42","","03.01","1","Professional","0","1",\N,"0.00"
"342","2018-10-14 12:38:33","2018-10-15 10:37:19","L'Oreal","3474634002285","Majirel","Majirel 5,5","","03.01.22","0","Professional","2","1",\N,"0.00"
"343","2018-10-14 12:38:33","2018-10-15 10:37:19","L'Oreal","3474634002292","Majirel","Majirel 5,52","","03.01.23","0","Professional","3","2",\N,"0.00"
"344","2018-10-14 12:38:33","2018-10-15 10:37:19","L'Oreal","3474630587700","Majirel","Majirel 5,8","","03.01.24","0","Professional","1","1",\N,"0.00"
"345","2018-10-14 12:38:33","2018-10-15 10:37:19","L'Oreal","3474634003138","Majirel","Majirel 6","","03.01.25","0","Professional","12","7",\N,"0.00"
"346","2018-10-14 12:38:33","2018-10-15 10:37:19","L'Oreal","3474634001578","Majirel","Majirel 6,0","","03.01.26","0","Professional","1","0",\N,"0.00"
"347","2018-10-14 12:38:33","2018-10-15 10:37:19","L'Oreal","3474636400584","Majirel","Majirel 6,014","","03.01.27","1","Professional","0","0",\N,"0.00"
"348","2018-10-14 12:38:33","2018-10-15 10:37:19","L'Oreal","3474634001608","Majirel","Majirel 6,1","","03.01.28","0","Professional","2","2",\N,"0.00"
"349","2018-10-14 12:38:33","2018-10-15 10:37:19","L'Oreal","3474634003169","Majirel","Majirel 6,23","","03.01.29","0","Professional","2","2",\N,"0.00"
"350","2018-10-14 12:38:33","2018-10-15 10:37:19","L'Oreal","3474634002131","Majirel","Majirel 6,3","","03.01.30","0","Professional","5","3",\N,"0.00"
"351","2018-10-14 12:38:33","2018-10-15 10:37:19","L'Oreal","3474634002148","Majirel","Majirel 6,32","","03.01.31","0","Professional","1","1",\N,"0.00"
"352","2018-10-14 12:38:33","2018-10-15 10:37:19","L'Oreal","3474634002155","Majirel","Majirel 6,34","","03.01.32","0","Professional","1","1",\N,"0.00"
"353","2018-10-14 12:38:33","2018-10-15 10:37:19","L'Oreal","3474634002162","Majirel","Majirel 6,35","","03.01.33","0","Professional","2","2",\N,"0.00"
"354","2018-10-14 12:38:33","2018-10-15 10:37:19","L'Oreal","3474636531905","Majirel","Majirel 6,45","","03.01.34","0","Professional","2","2",\N,"0.00"
"355","2018-10-14 12:38:33","2018-10-15 10:37:19","L'Oreal","3474636531943","Majirel","Majirel 6,46","","03.01.35","0","Professional","1","1",\N,"0.00"
"356","2018-10-14 12:38:33","2018-10-15 10:37:19","L'Oreal","3474630252448","Majirel","Majirel 6,53","","03.01.36","0","Professional","1","0",\N,"0.00"
"357","2018-10-14 12:38:33","2018-10-15 10:37:19","L'Oreal","","Majirel","Majirel 6,62","","03.01.37","1","Professional","0","0",\N,"0.00"
"358","2018-10-14 12:38:33","2018-10-15 10:37:19","L'Oreal","3474630587809","Majirel","Majirel 6,8","","03.01.38","0","Professional","1","1",\N,"0.00"
"359","2018-10-14 12:38:33","2018-10-15 10:37:19","L'Oreal","3474634003084","Majirel","Majirel 7","","03.01.39","0","Professional","12","8",\N,"0.00"
"360","2018-10-14 12:38:33","2018-10-15 10:37:19","L'Oreal","3474634001486","Majirel","Majirel 7,0","","03.01.40","0","Professional","1","1",\N,"0.00"
"361","2018-10-14 12:38:33","2018-10-15 10:37:19","L'Oreal","","Majirel","Majirel 7,014","","03.01","1","Professional","0","0",\N,"0.00"
"362","2018-10-14 12:38:33","2018-10-15 10:37:19","L'Oreal","3474630169562","Majirel","Majirel 7,03","","03.01.41","0","Professional","3","2",\N,"0.00"
"363","2018-10-14 12:38:33","2018-10-15 10:37:19","L'Oreal","","Majirel","Majirel 7,041","","03.01","1","Professional","0","0",\N,"0.00"
"364","2018-10-14 12:38:33","2018-10-15 10:37:19","L'Oreal","3474636400652","Majirel","Majirel 7,042","","03.01","1","Professional","0","2",\N,"0.00"
"365","2018-10-14 12:38:33","2018-10-15 10:37:19","L'Oreal","3474634003107","Majirel","Majirel 7,1","","03.01.42","0","Professional","2","2",\N,"0.00"
"366","2018-10-14 12:38:33","2018-10-15 10:37:19","L'Oreal","3474630667365","Majirel","Majirel 7,12","","03.01.43","0","Professional","1","2",\N,"0.00"
"367","2018-10-14 12:38:33","2018-10-15 10:37:19","L'Oreal","3474634001523","Majirel","Majirel 7,13","","03.01.44","0","Professional","1","0",\N,"0.00"
"368","2018-10-14 12:38:33","2018-10-15 10:37:19","L'Oreal","3474634003121","Majirel","Majirel 7,23","","03.01.45","0","Professional","3","2",\N,"0.00"
"369","2018-10-14 12:38:33","2018-10-15 10:37:19","L'Oreal","3474634002087","Majirel","Majirel 7,3","","03.01.46","0","Professional","4","2",\N,"0.00"
"370","2018-10-14 12:38:33","2018-10-15 10:37:19","L'Oreal","3474634005224","Majirel","Majirel 7,31","","03.01.47","0","Professional","2","2",\N,"0.00"
"371","2018-10-14 12:38:33","2018-10-15 10:37:19","L'Oreal","3474636531912","Majirel","Majirel 7,35","","03.01.48","0","Professional","1","1",\N,"0.00"
"372","2018-10-14 12:38:33","2018-10-15 10:37:19","L'Oreal","","Majirel","Majirel 7,4","","03.01.49","0","Professional","2","2",\N,"0.00"
"373","2018-10-14 12:38:33","2018-10-15 10:37:19","L'Oreal","","Majirel","Majirel 7,43","","03.01.50","0","Professional","1","1",\N,"0.00"
"374","2018-10-14 12:38:33","2018-10-15 10:37:19","L'Oreal","","Majirel","Majirel 7,44","","03.01.51","0","Professional","1","1",\N,"0.00"
"375","2018-10-14 12:38:33","2018-10-15 10:37:19","L'Oreal","","Majirel","Majirel 7,52 ","","03.01","1","Professional","0","0",\N,"0.00"
"376","2018-10-14 12:38:33","2018-10-15 10:37:19","L'Oreal","3474630587908","Majirel","Majirel 7,8","","03.01.52","0","Professional","1","2",\N,"0.00"
"377","2018-10-14 12:38:33","2018-10-15 10:37:19","L'Oreal","3474634003046","Majirel","Majirel 8","","03.01.53","0","Professional","10","0",\N,"0.00"
"378","2018-10-14 12:38:33","2018-10-15 10:37:19","L'Oreal","3474634001400","Majirel","Majirel 8,0","","03.01.54","0","Professional","1","2",\N,"0.00"
"379","2018-10-14 12:38:33","2018-10-15 10:37:19","L'Oreal","3474630169609","Majirel","Majirel 8,03","","03.01.55","0","Professional","2","1",\N,"0.00"
"380","2018-10-14 12:38:33","2018-10-15 10:37:19","L'Oreal","","Majirel","Majirel 8,04","","03.01.56","0","Professional","1","1",\N,"0.00"
"381","2018-10-14 12:38:33","2018-10-15 10:37:19","L'Oreal","3474634003060","Majirel","Majirel 8,1","","03.01.57","0","Professional","2","2",\N,"0.00"
"382","2018-10-14 12:38:33","2018-10-15 10:37:19","L'Oreal","","Majirel","Majirel 8,12","","03.01.58","0","Professional","2","0",\N,"0.00"
"383","2018-10-14 12:38:33","2018-10-15 10:37:19","L'Oreal","3474634001448","Majirel","Majirel 8,13","","03.01.59","0","Professional","3","2",\N,"0.00"
"384","2018-10-14 12:38:33","2018-10-15 10:37:19","L'Oreal","3474634001455","Majirel","Majirel 8,2","","03.01.60","0","Professional","2","0",\N,"0.00"
"385","2018-10-14 12:38:33","2018-10-15 10:37:19","L'Oreal","3474634002049","Majirel","Majirel 8,3","Majirel 8,3 HR","03.01.61","0","Professional","2","2",\N,"0.00"
"386","2018-10-14 12:38:33","2018-10-15 10:37:19","L'Oreal","3474634005316","Majirel","Majirel 8,31","Majirel 8,31 HR","03.01.62","0","Professional","2","1",\N,"0.00"
"387","2018-10-14 12:38:33","2018-10-15 10:37:19","L'Oreal","3474634002056","Majirel","Majirel 8,34","","03.01.63","0","Professional","2","2",\N,"0.00"
"388","2018-10-14 12:38:33","2018-10-15 10:37:19","L'Oreal","","Majirel","Majirel 8,8","","03.01.64","0","Professional","1","1",\N,"0.00"
"389","2018-10-14 12:38:33","2018-10-15 10:37:19","L'Oreal","3474634002995","Majirel","Majirel 9","Majirel 9 Very Light Blonde","03.01.65","0","Professional","6","1",\N,"0.00"
"390","2018-10-14 12:38:33","2018-10-15 10:37:19","L'Oreal","","Majirel","Majirel 9,0","Majirel 9,0 Deep Natural","03.01.66","0","Professional","1","1",\N,"0.00"
"391","2018-10-14 12:38:33","2018-10-15 10:37:19","L'Oreal","3474634003015","Majirel","Majirel 9,1","","03.01.67","0","Professional","2","2",\N,"0.00"
"392","2018-10-14 12:38:33","2018-10-15 10:37:19","L'Oreal","3474634003022","Majirel","Majirel 9,13","","03.01.68","0","Professional","2","2",\N,"0.00"
"393","2018-10-14 12:38:33","2018-10-15 10:37:19","L'Oreal","3474630667761","Majirel","Majirel 9,21","","03.01.69","0","Professional","1","1",\N,"0.00"
"394","2018-10-14 12:38:33","2018-10-15 10:37:19","L'Oreal","","Majirel","Majirel 9,22","","03.01.70","0","Professional","1","1",\N,"0.00"
"395","2018-10-14 12:38:33","2018-10-15 10:37:19","L'Oreal","3474634002032","Majirel","Majirel 9,3","Majirel 9,3 HR","03.01.71","0","Professional","3","3",\N,"0.00"
"396","2018-10-14 12:38:33","2018-10-15 10:37:19","L'Oreal","3474630574984","Majirel","Majirel Cool Cover 10","","03.02.14","0","Professional","1","1",\N,"0.00"
"397","2018-10-14 12:38:33","2018-10-15 10:37:19","L'Oreal","3474630575677","Majirel","Majirel Cool Cover 10,1","","03.02.15","0","Professional","1","1",\N,"0.00"
"398","2018-10-14 12:38:33","2018-10-15 10:37:19","L'Oreal","3474630574786","Majirel","Majirel Cool Cover 5","","03.02.01","0","Professional","1","1",\N,"0.00"
"399","2018-10-14 12:38:33","2018-10-15 10:37:19","L'Oreal","3474630575479","Majirel","Majirel Cool Cover 5,1","","03.02.02","0","Professional","1","1",\N,"0.00"
"400","2018-10-14 12:38:33","2018-10-15 10:37:19","L'Oreal","3474630574823","Majirel","Majirel Cool Cover 6","","03.02.03","0","Professional","1","0",\N,"0.00"
"401","2018-10-14 12:38:33","2018-10-15 10:37:19","L'Oreal","3474630575516","Majirel","Majirel Cool Cover 6,1","","03.02.04","0","Professional","1","1",\N,"0.00"
"402","2018-10-14 12:38:33","2018-10-15 10:37:19","L'Oreal","3474630667105","Majirel","Majirel Cool Cover 6,17","","03.02.05","0","Professional","1","1",\N,"0.00"
"403","2018-10-14 12:38:33","2018-10-15 10:37:19","L'Oreal","3474630574861","Majirel","Majirel Cool Cover 7","","03.02.06","0","Professional","1","0",\N,"0.00"
"404","2018-10-14 12:38:33","2018-10-15 10:37:19","L'Oreal","3474630575554","Majirel","Majirel Cool Cover 7,1","","03.02.07","0","Professional","1","0",\N,"0.00"
"405","2018-10-14 12:38:33","2018-10-15 10:37:19","L'Oreal","3474630667204","Majirel","Majirel Cool Cover 7,17","","03.02.08","0","Professional","2","1",\N,"0.00"
"406","2018-10-14 12:38:33","2018-10-15 10:37:19","L'Oreal","3474630574908","Majirel","Majirel Cool Cover 8","","03.02.09","0","Professional","1","1",\N,"0.00"
"407","2018-10-14 12:38:33","2018-10-15 10:37:19","L'Oreal","3474630575592","Majirel","Majirel Cool Cover 8,1","","03.02.10","0","Professional","3","2",\N,"0.00"
"408","2018-10-14 12:38:33","2018-10-15 10:37:19","L'Oreal","3474630575196","Majirel","Majirel Cool Cover 8,3","","03.02.11","0","Professional","1","1",\N,"0.00"
"409","2018-10-14 12:38:33","2018-10-15 10:37:19","L'Oreal","3474630574946","Majirel","Majirel Cool Cover 9","","03.02.12","0","Professional","1","0",\N,"0.00"
"410","2018-10-14 12:38:33","2018-10-15 10:37:19","L'Oreal","3474630575639","Majirel","Majirel Cool Cover 9,1","","03.02.13","0","Professional","2","2",\N,"0.00"
"411","2018-10-14 12:38:33","2018-10-15 10:37:19","L'Oreal","3474630691834","Majirel High Lift","Majirel High Lift Ash","","03.03.02","0","Professional","2","2",\N,"0.00"
"412","2018-10-14 12:38:33","2018-10-15 10:37:19","L'Oreal","3474630691933","Majirel High Lift","Majirel High Lift Ash +","","03.03.03","0","Professional","3","3",\N,"0.00"
"413","2018-10-14 12:38:33","2018-10-15 10:37:19","L'Oreal","3474636347322","Majirel High Lift","Majirel High Lift Ash Violet","","03.03.04","0","Professional","1","1",\N,"0.00"
"414","2018-10-14 12:38:33","2018-10-15 10:37:19","L'Oreal","3474630692435","Majirel High Lift","Majirel High Lift Beige","","03.03.06","0","Professional","0","1",\N,"0.00"
"415","2018-10-14 12:38:33","2018-10-15 10:37:19","L'Oreal","3474630691735","Majirel High Lift","Majirel High Lift Neutral","","03.03.01","0","Professional","1","2",\N,"0.00"
"416","2018-10-14 12:38:33","2018-10-15 10:37:19","L'Oreal","3474630692039","Majirel High Lift","Majirel High Lift Violet","","03.03.05","0","Professional","1","1",\N,"0.00"
"417","2018-10-14 12:38:33","2018-10-15 10:37:19","L'Oreal","3474636586363","Majirel Metals","Majirel Metals M,11","","03.05.01","0","Professional","1","1",\N,"0.00"
"418","2018-10-14 12:38:33","2018-10-15 10:37:19","L'Oreal","","Majirel Metals","Majirel Metals M,12","","03.05.02","0","Professional","1","1",\N,"0.00"
"419","2018-10-14 12:38:33","2018-10-15 10:37:19","L'Oreal","3474636586561","Majirel Metals","Majirel Metals M,21","","03.05.03","0","Professional","1","1",\N,"0.00"
"420","2018-10-14 12:38:33","2018-10-15 10:37:19","L'Oreal","","Majirel Metals","Majirel Metals M,22","","03.05.04","0","Professional","1","1",\N,"0.00"
"421","2018-10-14 12:38:33","2018-10-15 10:37:19","L'Oreal","","Majirel Mix","Majirel Mix Blue","","03.07.01","0","Professional","1","1",\N,"0.00"
"422","2018-10-14 12:38:33","2018-10-15 10:37:19","L'Oreal","3474630251328","Majirel Mix","Majirel Mix Copper","","03.07.04","0","Professional","1","1",\N,"0.00"
"423","2018-10-14 12:38:33","2018-10-15 10:37:19","L'Oreal","3474630251595","Majirel Mix","Majirel Mix Red","","03.07.05","0","Professional","1","1",\N,"0.00"
"424","2018-10-14 12:38:33","2018-10-15 10:37:19","L'Oreal","3474636333257","Majirel Mix","Majirel Mix Green","","03.07.02","0","Professional","1","1",\N,"0.00"
"425","2018-10-14 12:38:33","2018-10-15 10:37:19","L'Oreal","3474636333233","Majirel Mix","Majirel Mix Violet","","03.07.03","0","Professional","1","1",\N,"0.00"
"426","2018-10-14 12:38:33","2018-10-15 10:37:19","L'Oreal","3474634002506","Majirouge","Majirouge 4,20","","03.04.03","0","Professional","1","1",\N,"0.00"
"427","2018-10-14 12:38:33","2018-10-15 10:37:19","L'Oreal","3474634003527","Majirouge","Majirouge 4,65","","03.04.06","0","Professional","2","0",\N,"0.00"
"428","2018-10-14 12:38:33","2018-10-15 10:37:19","L'Oreal","3474636333110","Majirouge","Majirouge 5,20 Carmilane","","03.04","1","Professional","0","1",\N,"0.00"
"429","2018-10-14 12:38:33","2018-10-15 10:37:19","L'Oreal","3474630236745","Majirouge","Majirouge 5,56 Rubilane","","03.04","1","Professional","0","1",\N,"0.00"
"430","2018-10-14 12:38:33","2018-10-15 10:37:19","L'Oreal","3474634002483","Majirouge","Majirouge 5,62","","03.04.09","0","Professional","2","1",\N,"0.00"
"431","2018-10-14 12:38:33","2018-10-15 10:37:19","L'Oreal","3474634002490","Majirouge","Majirouge 5,64 Rubilane","","03.04","1","Professional","0","1",\N,"0.00"
"432","2018-10-14 12:38:34","2018-10-15 10:37:19","L'Oreal","3474630328150","Majirouge","Majirouge 6,60","","03.04.10","0","Professional","1","1",\N,"0.00"
"433","2018-10-14 12:38:34","2018-10-15 10:37:19","L'Oreal","","Majirouge","Majirouge 6,64 Rubilane","","03.04","1","Professional","0","1",\N,"0.00"
"434","2018-10-14 12:38:34","2018-10-15 10:37:19","L'Oreal","3474630231429","Majirouge","Majirouge 7,40 Rubilane","","03.04","1","Professional","0","1",\N,"0.00"
"435","2018-10-14 12:38:34","2018-10-15 10:37:19","L'Oreal","3474630202245","Majirouge","Majirouge 7,45 Rubilane","","03.04","1","Professional","0","1",\N,"0.00"
"436","2018-10-14 12:38:34","2018-10-15 10:37:19","L'Oreal","3474636333172","Majirouge","Majirouge C3,20","","03.04.01","0","Professional","1","1",\N,"0.00"
"437","2018-10-14 12:38:34","2018-10-15 10:37:19","L'Oreal","3474636333127","Majirouge","Majirouge C3,66","","03.04.02","0","Professional","1","1",\N,"0.00"
"438","2018-10-14 12:38:34","2018-10-15 10:37:19","L'Oreal","3474636333189","Majirouge","Majirouge C4,60","","03.04.04","0","Professional","1","1",\N,"0.00"
"439","2018-10-14 12:38:34","2018-10-15 10:37:19","L'Oreal","3474636333134","Majirouge","Majirouge C4,62","","03.04.05","0","Professional","1","1",\N,"0.00"
"440","2018-10-14 12:38:34","2018-10-15 10:37:20","L'Oreal","","Majirouge","Majirouge C5,20","","03.04.07","0","Professional","1","1",\N,"0.00"
"441","2018-10-14 12:38:34","2018-10-15 10:37:20","L'Oreal","3474630679498","Majirouge","Majirouge C5,60","","03.04.08","0","Professional","1","1",\N,"0.00"
"442","2018-10-14 12:38:34","2018-10-15 10:37:20","L'Oreal","3474630679399","Majirouge","Majirouge C6,64","","03.04.11","0","Professional","1","0",\N,"0.00"
"443","2018-10-14 12:38:34","2018-10-15 10:37:20","L'Oreal","3474630679290","Majirouge","Majirouge C6,66","","03.04.12","0","Professional","1","2",\N,"0.00"
"444","2018-10-14 12:38:34","2018-10-15 10:37:20","L'Oreal","3474636333103","Majirouge","Majirouge C7,64","","03.04.13","0","Professional","1","1",\N,"0.00"
"445","2018-10-14 12:38:34","2018-10-15 10:37:20","Unknown","858622006425","Unknown","Makeup Eraser Mini 3 pack","","","0","",\N,"1",\N,"29.95"
"446","2018-10-14 12:38:34","2018-10-15 10:37:20","Haircare Australia","9327417015122","Morrocan Oil","MOR Ceramic Ionic Brush Round 25ml","","","0","",\N,"2",\N,"20.00"
"447","2018-10-14 12:38:34","2018-10-15 10:37:20","Haircare Australia","7290011521165","Morrocan Oil","MOR Dry Scalp Treatment 45ml","","","0","",\N,"1",\N,"35.00"
"448","2018-10-14 12:38:34","2018-10-15 10:37:20","Haircare Australia","7290011521042","Morrocan Oil","MOR Intense Curl Cream 300ml","","","0","",\N,"12",\N,"39.95"
"449","2018-10-14 12:38:34","2018-10-15 10:37:20","Haircare Australia","7290011521080","Morrocan Oil","MOR Intense Curl Cream 500ml","","","0","",\N,"3","39.05","0.00"
"450","2018-10-14 12:38:34","2018-10-15 10:37:20","Haircare Australia","7290011521172","Morrocan Oil","MOR Oily Scalp Treatment 45ml","","","0","",\N,"2",\N,"35.00"
"451","2018-10-14 12:38:34","2018-10-15 10:37:20","Haircare Australia","7290011521202","Morrocan Oil","MOR Repair Conditioner","","","0","",\N,"1",\N,"35.00"
"452","2018-10-14 12:38:34","2018-10-15 10:37:20","Haircare Australia","7290011521011","Morrocan Oil","MOR Treatment  100ml","","","0","",\N,"8",\N,"60.00"
"453","2018-10-14 12:38:34","2018-10-15 10:37:20","Haircare Australia","7290011521059","Morrocan Oil","MOR Treatment 200ml","","","0","",\N,"2","36.32","0.00"
"454","2018-10-14 12:38:34","2018-10-15 10:37:20","Haircare Australia","7290011521127","Morrocan Oil","MOR Treatment 25ml","","","0","",\N,"0","13.64","25.00"
"455","2018-10-14 12:38:34","2018-10-15 10:37:20","Haircare Australia","7290011521998","Morrocan Oil","MOR Treatment Light 100ml","","","0","",\N,"4",\N,"60.00"
"456","2018-10-14 12:38:34","2018-10-15 10:37:20","Haircare Australia","7290011521653","Morrocan Oil","MOR Treatment Light 25ml","","","0","",\N,"1","13.64","25.00"
"457","2018-10-14 12:38:34","2018-10-15 10:37:20","Haircare Australia","7290011521431","Morrocan Oil","MOR Volume Conditioner 250ml","","","0","",\N,"2",\N,"35.00"
"458","2018-10-14 12:38:34","2018-10-15 10:37:20","NAK","9328514006396","NAK","NAK Amped Up Fibrous Gel 150ml","","","0","Retail",\N,"1",\N,"27.95"
"459","2018-10-14 12:38:34","2018-10-15 10:37:20","NAK","9328514010232","NAK","NAK Beard Elixir 30ml","","","0","Retail",\N,"2",\N,"29.95"
"460","2018-10-14 12:38:34","2018-10-15 10:37:20","NAK","9328514006051","NAK","NAK Blonde Conditioner 375ml","","","0","Retail",\N,"0","24.50","26.95"
"461","2018-10-14 12:38:34","2018-10-15 10:37:20","NAK","","NAK","NAK Blonde Plus Conditioner 375ml","","","0","Retail",\N,"0",\N,"27.95"
"462","2018-10-14 12:38:34","2018-10-15 10:37:20","NAK","9328514006082","NAK","NAK Blonde Plus Shampoo 375ml","","","0","Retail",\N,"2",\N,"27.95"
"463","2018-10-14 12:38:34","2018-10-15 10:37:20","NAK","","NAK","NAK Blonde Shampoo","","","0","Retail",\N,"0","26.95","26.95"
"464","2018-10-14 12:38:34","2018-10-15 10:37:20","NAK","9328514006136","NAK","NAK Body N Shine Conditioner 375ml","","","0","Retail",\N,"2",\N,"27.95"
"465","2018-10-14 12:38:34","2018-10-15 10:37:20","NAK","9328514006785","NAK","NAK Body N Shine Sea Salt Root Lift 250ml","","","0","Retail",\N,"0",\N,"26.95"
"466","2018-10-14 12:38:34","2018-10-15 10:37:20","NAK","","NAK","NAK Body N Shine Shampoo 375ml","","","0","Retail",\N,"0",\N,"27.95"
"467","2018-10-14 12:38:34","2018-10-15 10:37:20","NAK","9328514006709","NAK","NAK Body N Shine Styling Glaze 150ml","","","0","Retail",\N,"1",\N,"27.95"
"468","2018-10-14 12:38:34","2018-10-15 10:37:20","NAK","9328514006419","NAK","NAK Body N Shine Volumising Foam 270ml","","","0","Retail",\N,"2",\N,"19.95"
"469","2018-10-14 12:38:34","2018-10-15 10:37:20","NAK","9328514010102","NAK","NAK Daily Detox Shampoo  250ml","","","0","Retail",\N,"1",\N,"19.95"
"470","2018-10-14 12:38:34","2018-10-15 10:37:20","NAK","9328514006174","NAK","NAK Dandruff Control Shampoo 375ml","","","0","Retail",\N,"2",\N,"27.95"
"471","2018-10-14 12:38:34","2018-10-15 10:37:20","NAK","9328514001353","NAK","NAK Done N Dirty 90g","","","0","Retail",\N,"1",\N,"24.00"
"472","2018-10-14 12:38:34","2018-10-15 10:37:20","NAK","9328514007218","NAK","NAK Done N Dusted 10g","","","0","Retail",\N,"1",\N,"27.95"
"473","2018-10-14 12:38:34","2018-10-15 10:37:20","NAK","9328514006433","NAK","NAK Dry Klean Dry Shampoo 200ml","","","0","Retail",\N,"0",\N,"19.95"
"474","2018-10-14 12:38:34","2018-10-15 10:37:20","NAK","","NAK","NAK Fixation Finishing Spray 100g","","","0","Retail",\N,"0",\N,"6.95"
"475","2018-10-14 12:38:34","2018-10-15 10:37:20","NAK","9328514006426","NAK","NAK Fixation Finishing Spray 576ml","","","0","Retail","2","2",\N,"13.95"
"476","2018-10-14 12:38:34","2018-10-15 10:37:20","NAK","9328514010133","NAK","NAK High Volume Texture Spray 171ml","","","0","Retail",\N,"2",\N,"27.95"
"477","2018-10-14 12:38:34","2018-10-15 10:37:20","Unknown","","Unknown","Nak Hydrating Conditioner 100ml","","","0","",\N,"0",\N,"10.95"
"478","2018-10-14 12:38:34","2018-10-15 10:37:20","NAK","9328514006204","NAK","NAK Hydrating Conditioner 375ml","","","0","Retail",\N,"3",\N,"27.95"
"479","2018-10-14 12:38:34","2018-10-15 10:37:20","Unknown","","Unknown","Nak Hydrating Shampoo 100ml","","","0","",\N,"0",\N,"10.95"
"480","2018-10-14 12:38:34","2018-10-15 10:37:20","NAK","","NAK","NAK Hydrating Shampoo 375ml","","","0","Retail",\N,"0",\N,"27.95"
"481","2018-10-14 12:38:34","2018-10-15 10:37:20","NAK","9328514001377","NAK","NAK In Shape 90g","","","0","Retail",\N,"0",\N,"25.95"
"482","2018-10-14 12:38:34","2018-10-15 10:37:20","NAK","9328514006679","NAK","NAK Kurls Styling Creme 150ml","","","0","Retail",\N,"2",\N,"27.95"
"483","2018-10-14 12:38:34","2018-10-15 10:37:20","NAK","","NAK","NAK Luxe Finishing Creme 100ml","","","0","Retail",\N,"0",\N,"0.00"
"484","2018-10-14 12:38:34","2018-10-15 10:37:20","NAK","9328514006266","NAK","NAK Nourishing Conditioner 375ml","","","0","Retail",\N,"1",\N,"27.95"
"485","2018-10-14 12:38:34","2018-10-15 10:37:20","NAK","","NAK","NAK Nourishing Shampoo 375ml","","","0","Retail",\N,"0",\N,"27.95"
"486","2018-10-14 12:38:34","2018-10-15 10:37:20","NAK","9328514006488","NAK","NAK Options Sculpting Lotion 150ml","","","0","Retail",\N,"1",\N,"27.95"
"487","2018-10-14 12:38:34","2018-10-15 10:37:20","NAK","9328514001384","NAK","NAK Outakontrol 90g","","","0","Retail",\N,"1",\N,"25.95"
"488","2018-10-14 12:38:34","2018-10-15 10:37:20","NAK","9328514013509","NAK","NAK Pack Blonde Duo with Luxe Finishing Creme","","","0","Retail",\N,"0",\N,"37.95"
"489","2018-10-14 12:38:34","2018-10-15 10:37:20","NAK","9328514013516","NAK","NAK Pack Blonde Plus Duo with Luxe Finishing Creme","","","0","Retail",\N,"0",\N,"37.95"
"490","2018-10-14 12:38:34","2018-10-15 10:37:20","NAK","9328514013523","NAK","NAK Pack Body N Shine Duo with Luxe Finishing Creme","","","0","Retail",\N,"1",\N,"37.95"
"491","2018-10-14 12:38:34","2018-10-15 10:37:20","NAK","9328514013530","NAK","NAK Pack Hydrating Duo with Luxe Finishing Creme","","","0","Retail",\N,"0",\N,"37.95"
"492","2018-10-14 12:38:34","2018-10-15 10:37:20","NAK","9328514013400","NAK","NAK Pack Hydrating Quad","","","0","Retail",\N,"1","56.90","56.90"
"493","2018-10-14 12:38:34","2018-10-15 10:37:20","NAK","9328514013547","NAK","NAK Pack Nourishing Duo with Lux Finishing Creme","","","0","Retail",\N,"1","19.16","37.95"
"494","2018-10-14 12:38:34","2018-10-15 10:37:20","NAK","9328514013271","NAK","NAK Pack Volumising Trio","","","0","Retail",\N,"1",\N,"49.95"
"495","2018-10-14 12:38:34","2018-10-15 10:37:20","NAK","9328514016623","NAK","NAK Platinum Blonde 375ml","","","0","Retail",\N,"0",\N,"27.95"
"496","2018-10-14 12:38:34","2018-10-15 10:37:20","NAK","9328514006723","NAK","NAK Repl Ends Blonde Leave In Moisturiser 150ml","","","0","Retail",\N,"1",\N,"28.95"
"497","2018-10-14 12:38:34","2018-10-15 10:37:20","NAK","9328514006563","NAK","NAK Repl Ends Leave In Moisturiser","","","0","Retail",\N,"1",\N,"28.95"
"498","2018-10-14 12:38:34","2018-10-15 10:37:20","NAK","9328514006730","NAK","NAK Repl Ends Spray 250ml","","","0","Retail",\N,"2",\N,"26.95"
"499","2018-10-14 12:38:34","2018-10-15 10:37:20","NAK","9328514010119","NAK","NAK Shine Mist 222ml","","","0","Retail",\N,"1","26.95","27.95"
"500","2018-10-14 12:38:34","2018-10-15 10:37:20","NAK","9328514006778","NAK","NAK Surf Styler 250ml","","","0","Retail",\N,"1",\N,"27.95"
"501","2018-10-14 12:38:34","2018-10-15 10:37:20","NAK","9328514001414","NAK","NAK Tough N Up 90g","","","0","Retail",\N,"1",\N,"25.95"
"502","2018-10-14 12:38:34","2018-10-15 10:37:20","NAK","9328514006310","NAK","NAK Ultimate Cleanse Shampoo 375ml","","","0","Retail",\N,"1",\N,"27.95"
"503","2018-10-14 12:38:34","2018-10-15 10:37:20","NAK","9328514011017","NAK","NAK Ultimate Potion Styling Treatment 150ml","","","0","Retail",\N,"2",\N,"28.95"
"504","2018-10-14 12:38:34","2018-10-15 10:37:20","NAK","9328514001292","NAK","NAK Ultimate Treatment 60 Second Repair 150ml","","","0","Retail",\N,"1",\N,"28.95"
"505","2018-10-14 12:38:34","2018-10-15 10:37:20","Unknown","713072707141","Unknown","Popband Headbands","","","0","",\N,"1","12.95","12.95"
"506","2018-10-14 12:38:34","2018-10-15 10:37:20","Unknown","700729852569","Unknown","Poplaces - Black","","","0","",\N,"2",\N,"9.95"
"507","2018-10-14 12:38:34","2018-10-15 10:37:20","Unknown","757440438527","Unknown","Poplaces - Blue","","","0","",\N,"1",\N,"9.95"
"508","2018-10-14 12:38:34","2018-10-15 10:37:20","Unknown","757440438503","Unknown","Poplaces - pink","","","0","",\N,"2","9.95","9.95"
"509","2018-10-14 12:38:34","2018-10-15 10:37:20","Unknown","5060173370145","Unknown","Tangle Teezer Compact Groomer Hairbrush - Mens","","","0","",\N,"1",\N,"34.95"
"510","2018-10-14 12:38:34","2018-10-15 10:37:20","Unknown","5060173371401","Unknown","Tangle Teezer Compact Styler Hairbrush - Flamingo","","","0","",\N,"0",\N,"34.95"
"511","2018-10-14 12:38:34","2018-10-15 10:37:20","Unknown","5060173370619","Unknown","Tangle Teezer Compact Styler Hairbrush - Frozen","","","0","",\N,"1",\N,"34.95"
"512","2018-10-14 12:38:34","2018-10-15 10:37:20","Unknown","5060173370589","Unknown","Tangle Teezer Compact Styler Hairbrush - Gold","","","0","",\N,"1",\N,"34.95"
"513","2018-10-14 12:38:34","2018-10-15 10:37:20","Unknown","5060173370794","Unknown","Tangle Teezer Compact Styler Hairbrush - Starwars","","","0","",\N,"1",\N,"34.95"
"514","2018-10-14 12:38:34","2018-10-15 10:37:20","Unknown","5060173370091","Unknown","Tangle Teezer Flowerpot Brush Blue / Orange","","","0","",\N,"2",\N,"34.95"
"515","2018-10-14 12:38:34","2018-10-15 10:37:20","Unknown","5060173370053","Unknown","Tangle Teezer Flowerpot Brush Yellow / Pink","","","0","",\N,"1",\N,"34.95"
"516","2018-10-14 12:38:34","2018-10-15 10:37:20","Unknown","5060173375041","Unknown","Tangle Teezer Salon Elite Hairbrush - Black","","","0","",\N,"1",\N,"29.95"
"517","2018-10-14 12:38:34","2018-10-15 10:37:20","Unknown","5060173375010","Unknown","Tangle Teezer Salon Elite Hairbrush - Blue/Pink","","","0","",\N,"1",\N,"29.95"
"518","2018-10-14 12:38:34","2018-10-15 10:37:20","Unknown","5060173375027","Unknown","Tangle Teezer Salon Elite Hairbrush - Purple/Pink","","","0","",\N,"2",\N,"29.95"
"519","2018-10-14 12:38:34","2018-10-15 10:37:20","Unknown","5060173373900","Unknown","Tangle Teezer Salon Original Hairbrush - White/Red","","","0","",\N,"0",\N,"29.95"
"535","2018-10-15 17:00:28","2018-10-15 10:37:18","L'Oreal","3474636481774","Serie Expert","LOR SE Absolut Repair Masque 250ml","","08.08.03","0","Retail","2","1",\N,\N
"536","2018-10-15 10:51:50","2018-10-15 11:00:12","L'Oreal","","Techni Art - French Girl Hair","LOR TA French Froisse 150ml","","08.14.01","0","Retail","1","0",\N,\N
"537","2018-10-15 10:54:57","2018-10-15 11:00:12","L'Oreal","","Techni Art - Fix","LOR TA Fix Max 200ml","","08.16.015","0","Retail","1","0",\N,\N
